id,name,address,market,submarket,sale_date,class,units,year_built,sf,avg_sf,sale_price,cap_rate,ppu,psf,buyer,seller,notes,lat,lng
1,Esperanza at Duarte Station,"Esperanza at Duarte Station, Duarte",Los Angeles,Duarte,2026-02-27,,344,2023.0,269083.0,782.0,141000000.0,4.75,409883.0,524.0,Holland Partners with Invesco/State of Florida,MBK Real Estate/Haseko,,34.1391,-117.9709
2,C on Pico,"1242 W Pico Blvd, Los Angeles",Los Angeles,Los Angeles,2026-01-21,,94,2014.0,,,38000000.0,,404255.0,,JRK Property Holdings,,,34.0423629,-118.2720341
3,mResidences Miracle Mile,"6675 W Olympic Blvd, Los Angeles",Los Angeles,Los Angeles,2026-01-08,,60,2008.0,77220.0,1287.0,30150000.0,,502500.0,390.44,Alliance Residential,,,34.0594481,-118.3741802
4,Stella,"13488 W Maxella Ave, Marina Del Rey, CA 90292",Los Angeles,Marina del Rey,2025-10-01,,244,2013.0,236785.0,970.0,141000000.0,4.66,577868.0,595.48,Carmel Partners,Nuveen,"Value add play.

Nuveen bought in 2013 for $167.3M ($686k/unit)",33.9855623,-118.4422136
5,Santal Thousand Oaks,"299 Thousand Oaks Blvd, Thousand Oaks, CA 91360",Ventura County,Thousand Oaks,2025-10-01,,142,2023.0,125243.0,813.0,83000000.0,5.0,584507.0,662.71,BlackRock,Latigo Group,"Includes 9,821SF of retail.",34.1706,-118.8376
6,Avila,"75 W Walnut St, Pasadena, CA 91103",Los Angeles,Pasadena,2025-07-24,,201,2017.0,175838.0,874.0,115000000.0,4.45,572139.0,654.01,Acacia,Greystar,,34.1502298,-118.1521692
7,The 5550,"5550 Hollywood Blvd, Los Angeles, CA 90028",Los Angeles,Hollywood,2025-06-01,,280,2018.0,204400.0,730.0,98350000.0,5.0,351250.0,481.0,Grubb Properties/PCCP,Vanbarton,Assumable dent of 4.37% I/O through Nov 2027,34.1013517,-118.3105011
8,Modera Glendale,"600 N Central Ave, Glendale, CA 91203",Los Angeles,Glendale,2025-04-23,A,235,2015.0,187073.0,796.0,126000000.0,4.54,536170.0,673.53,Sobrato,MillCreek | Rockwood,,34.1553024,-118.2576688
9,the BW,1168 South Barrington Avenue,Los Angeles,Brentwood,2025-04-07,A,78,2013.0,77142.0,989.0,58100000.0,4.75,744871.0,753.16,Famh Group,California Landmark Group,"Includes 2,300sf of retail.",34.0500356,-118.4612607
10,Vinz on Fairfax,"950 S Fairfax Ave, Los Angeles, CA 90036",Los Angeles,Mid-Wilshire,2025-01-31,A,144,2018.0,124581.0,837.0,68421500.0,5.1,475149.0,549.21,Seminole Real Estate Fund,Alliance Residential,,34.0593636,-118.3631246
12,Desmond on Wilshire,"5520 Wilshire Blvd, Los Angeles, CA 90036",Los Angeles,Miracle Mile,2025-01-29,A,175,2016.0,144725.0,827.0,88000000.0,4.9,502857.0,608.05,Carmel Partners,Greystar,,34.0621793,-118.3485937
13,Alta Ink,"5750 Hollywood Blvd, Los Angeles, CA 90028",Los Angeles,Hollywood,2025-01-01,A,161,2021.0,136450.0,847.0,55000000.0,2.95,341614.0,403.08,Lighthouse Group,Wood Partners,,34.1013494,-118.3153453
14,La Belle,"6138 Franklin Ave, Los Angeles, CA 90028",Los Angeles,Hollywood,2024-12-20,A,146,2010.0,119063.0,815.0,52150000.0,4.7,357191.0,438.0,JSP,LaSalle,,34.1051602,-118.3233787
15,Estelle,1333 S Orange Grove A,Los Angeles,Los Angeles,2024-11-01,A,61,2020.0,90021.0,1475.0,41500000.0,4.6,680327.0,461.0,Brasa/Canfield,Green Cities,,34.052545,-118.3652416
16,The Gabriel,"2771 N Garey Ave, Pomona, CA 91767",Los Angeles,Pomona,2024-10-01,A,312,2022.0,275496.0,883.0,115000000.0,5.25,368589.0,417.43,Prime Residential,Greystar,"Property was just finishing lease up. T12 included heavy vacancy, concessions, opex, etc. Buyer closed at stabilization.",34.0955493,-117.748678
17,The Lofts at NoHo Commons,"11136 Chandler Blvd, North Hollywood",Los Angeles,North Hollywood,2024-10-17,A,292,2006.0,225001.0,771.0,92500000.0,5.5,316780.0,411.0,GPI Companies,Mwest Holdings/KBS,"The Lofts at Noho recently went under a $9 million renovation. This includes upgrades to EV charging spots, extensive murals, new signage, landscape, hardscape, and updating 85 percent of the interior market rate units.  The unit mix includes 251 studios and 41 one-bedroom units. Of the total unit count, 28 have been set aside as affordable. Nine units are available to households earning at or below 110 percent of the area median income (AMI), 14 are available at 60 percent of AMI, and five are available at 50 percent of AMI.",34.168015,-118.3730152
18,Canvas LA,"138 N Beaudry Ave, Los Angeles, CA 90012",Los Angeles,DTLA/Echo Park,2024-09-03,A,210,2008.0,178367.0,849.0,61500000.0,5.4,292857.0,344.79,Advance Real Estate,Magnolia Capital/Goldman Sachs,Previously sold in 2018 for $88.3M. Podium construction. 100% market rate,34.0598783,-118.2536247
19,The Highlands,"25909 Rolling Hills Rd, Torrance, CA 90505",Los Angeles,Torrance,2024-08-19,A,121,1970.0,110510.0,913.0,71500000.0,4.4,590909.0,647.0,Koto Estate Company,Ocean Ten,"Sold 2 years prior at $49.5MM / 107 units
Value-add business plan.",33.7874565,-118.3406057
20,The Landing at Arroyo,"1692 Sycamore Dr, Simi Valley, CA 93065",Ventura County,Simi Valley,2024-08-29,A,212,2022.0,201864.0,952.0,95000000.0,5.42,448113.0,470.61,Afton Properties,USA Properties Funds,Cap rate is T3/T12 with adjusted Ptax.,34.26805,-118.74487
21,Paragon at Old Town,"700 S Myrtle Ave, Monrovia, CA 91016",Los Angeles,Monrovia,2024-08-12,A,163,2010.0,154578.0,911.0,87250000.0,4.65,535276.0,564.44,SCS Development,Sequoia Equities,"Core-Plus, 6,077sf of retail that was 100% leased. Cap rate is T3/T12 with adjusted Ptax.",34.144689,-118.000846
22,Silva,"235 N Hoover St, Los Angeles, CA 90004",Los Angeles,Silver Lake,2024-08-01,A,221,2024.0,220632.0,998.0,110225000.0,6.25,498755.0,499.59,CityView & Wafra,Gemdale USA Corporation,Pre-TCO purchase,34.0756258,-118.2834063
23,Maya,535 S Kingsley Dr,Los Angeles,Koreatown,2024-06-28,A,72,2018.0,60483.0,840.0,30000000.0,5.2,416666.0,496.0,,,,34.0647,-118.302951
24,Reveal Playa Vista,"5710 Crescent Prk E, Playa Vista, CA 90094",Los Angeles,Playa Vista,2024-04-01,A,214,2003.0,220337.0,1030.0,122000000.0,4.3,570093.0,554.0,Divco,Clarion Partners,Clarion purchased in 2018 for $117.5M (sold 2024 sale at a loss after ULA transfer tax); Renovated 2020,33.9776,-118.4254
25,Cobalt,"10601 Washington Blvd, Culver City, CA 90232",Los Angeles,Culver City,2024-02-16,A,135,2019.0,130025.0,854.0,67700000.0,5.0,501481.0,520.67,Helio Group,Greystar,"14,754sf of retail.",34.0174496,-118.4052362
26,Ollie on Ogden,939 N Ogden Dr,Los Angeles,West Hollywood,2023-12-01,B,16,1957.0,,,10500000.0,,656250.0,,CityView,Blackstone,Partner buyout,34.0878294,-118.35957
27,The Oliver,11955 W Washington Blvd,Los Angeles,Culver City,2023-08-28,A,30,2016.0,43385.0,1157.0,29250000.0,4.08,975000.0,674.2,Private HNW investor from Orange County,,Allocate 20% of the purchase price towards the retail.,33.9980001,-118.4214481
28,Angelene Apartments,915 N La Brea Ave,Los Angeles,West Hollywood,2023-03-17,A,179,2016.0,156446.0,874.0,112500000.0,4.75,628491.0,719.1,Olympus,,The cap rate is a blended cap rate with apartments and retail. Approximately 33.5k sf of retail is included.,34.0873062,-118.344424
29,The Vermont,3150 Wilshire Blvd,Los Angeles,"Los Angeles
(Koreatown)",2022-11-01,A,464,2014.0,,,235000000.0,,506465.0,,Harbor Group & Image,Capri Capital Partners & Tru America,,34.0613794,-118.2912663
30,THEA at Metropolis,"889 Francisco St, Los Angeles",Los Angeles,"Los Angeles
(Downtown)",2022-11-08,A,684,2020.0,709992.0,1038.0,504000000.0,4.1,736842.0,709.87,Northland,Greenland Holdings,Built as for-sale condos and converted to apartment homes. 85% leased at sale.,34.0483407,-118.2640555
31,Avalon Studio,4121 4041-4121 Radford Ave,Los Angeles,Studio City,2022-09-30,,149,2009.0,119200.0,800.0,76000000.0,3.8,510067.0,637.58,"Gelt, Inc.",AvalonBay,Value-Add. Spent additional $33.5k/unit for upgrades.,34.1460239,-118.3923722
32,Vue Los Feliz,1800 N New Hampshire Ave,Los Angeles,Los Angeles,2022-07-01,A,132,1988.0,,,64000000.0,,484848.0,,Alliance Residential,,,34.1036081,-118.2932131
33,Aliso Apartments,950 E 3rd St,Los Angeles,"Los Angeles
(Arts District)",2022-06-01,A,472,2019.0,,,311000000.0,,658898.0,,,,,34.0459091,-118.2340186
34,The Bahay,300 Westlake Ave,Los Angeles,"Los Angeles
(Filipinotown)",2022-06-01,A,200,2020.0,180600.0,903.0,137750000.0,,688750.0,762.74,Stockbridge Capital,,,34.068718,-118.267052
35,The Eastway Apartments,8740 La Tijera Blvd,Los Angeles,"Los Angeles
(Westchester)",2022-05-12,A,136,2019.0,111248.0,818.0,73255000.0,,538639.0,658.48,Zurich Alternative Asset Management,CIM Group,,33.9575025,-118.3939345
36,The Laurel,1267 N Laurel Ave,Los Angeles,West Hollywood,2022-05-01,A,23,1958.0,18252.0,793.0,36250000.0,2.76,1576086.0,1986.08,,,,34.0935179,-118.3645332
37,1221 Ocean Ave,1221 Ocean Ave,Los Angeles,Santa Monica,2022-04-01,A,120,1971.0,250864.0,2090.0,330000000.0,,2750000.0,1315.45,,,,34.0164466,-118.5001065
38,Elements,616 616 Esplanade,Los Angeles,Redondo Beach,2022-03-01,A,105,1971.0,81647.0,777.0,74500000.0,,709523.0,912.46,Ray Pellegrino Trust,Ideal Capital Group,Sold after $25M of improvements,33.8331585,-118.3895722
39,Village Lofts,11024 Strathmore Dr,Los Angeles,Westwood,2022-03-01,A,31,2015.0,33223.0,1071.0,34400000.0,,1109677.0,1035.43,,,,34.064367,-118.450855
40,Olivia Apartments,"801 S Olive St, Los Angeles",Los Angeles,Los Angeles,2022-03-18,A,45,2021.0,57854.0,1285.0,32100000.0,3.5,713333.0,554.84,,,,34.0450878,-118.2571353
41,Towne at Glendale (formerly Verdugo Village),"1221 N Verdugo Rd, Glendale",Los Angeles,Glendale,2022-03-30,A,126,1965.0,143136.0,1136.0,79700000.0,,632539.0,556.81,CSCDA Community Improvement Authority & BLVD Impact Housing,Interstate Equities Corp,,34.1639149,-118.2334116
42,Hanover West LA,6711 S Sepulveda Blvd,Los Angeles,Los Angeles,2022-03-28,A,180,2021.0,145800.0,810.0,135000000.0,3.1,750000.0,925.93,,,,33.9726505,-118.3947539
43,The Crescent,1274 N Crescent Heights Blvd,Los Angeles,West Hollywood,2022-02-01,A,130,1985.0,127147.0,774.0,100000000.0,,769230.0,786.49,"Standard Communities, Faring & California Statewide Development Authority",,,34.0937015,-118.3658169
44,442 Residences 442 W Ocean Blvd,442 Residences 442 W Ocean Blvd,Los Angeles,Long Beach,2022-02-01,A,94,2022.0,,,48500000.0,,515957.0,,MWest Holdings,Ensemble Real Estate Investments,,33.767235,-118.19736
45,Broadstone Candara,738 Wilcox Ave,Los Angeles,Hollywood,2021-12-23,A,103,2014.0,,,60100000.0,,583495.0,,Fairfield,,,34.0987,-118.3306
46,12530 Crenshaw Blvd,12530 Crenshaw Blvd,Los Angeles,Hawthorne,2021-12-01,A,230,2021.0,201783.0,877.0,144000000.0,,626086.0,713.64,"Standard Communities, Faring & California Statewide Development Authority",The Dinerstein Companies,,33.9182058,-118.3261509
47,Empire Landing,1901 N Buena Vista St,Los Angeles,Burbank,2021-11-10,A,276,2010.0,,,161000000.0,2.75,583333.0,,Clarion & City View,,,34.189915,-118.338357
48,THEO,289 N El Molino Ave,Los Angeles,Pasadena,2021-11-04,A,105,2020.0,,,67000000.0,,638095.0,,Waterford Property Co. & California Statewide Community Development Authority,Summerhill Communities,,34.150939,-118.1370182
49,301 Ocean Ave,301 Ocean Ave,Los Angeles,Santa Monica,2021-10-11,,38,1952.0,37989.0,999.0,70000000.0,,1842105.0,1842.64,,Marquis Property Co.,,34.0259173,-118.5131922
50,The Retreat,22900 Oak Ridge Dr,Los Angeles,Santa Clarita,2021-09-01,,148,1998.0,,,54100000.0,,365540.0,,MKB Ventures LP,Benedict Canyon Equities LEM Capital,,34.3988696,-118.5367426
51,The Madison at Town Center,24555 Town Center Dr,Los Angeles,Valencia,2021-09-01,,130,2003.0,,,62000000.0,,476923.0,,Fairfield Residential,Gemdale USA Corporation,,34.416485,-118.56244
52,Sienna Pointe Apartments,"12625 Frederick St, Moreno Valley",Inland Empire,Moreno Valley,2021-08-01,,120,1971.0,,,107200000.0,,893333.0,,Tower 16 Capital Partners,,"Plans to make nearly $10M in renovations incl. modernized unit upgrades, new clubhouses, gyms, updated pool areas, outdoor gaming areas",33.9366805,-117.2623457
53,The Gallery,"1200 Artesia Blvd, Hermosa Beach",Los Angeles,Hermosa Beach,2021-08-01,,169,1971.0,,,112500000.0,,665680.0,,Prime Group,Equity Residential,,33.8725404,-118.3924989
54,Playa Pacific,"1140 Artesia Blvd, Hermosa Beach",Los Angeles,Hermosa Beach,2021-08-01,,285,1972.0,,,162500000.0,,570175.0,,Prime Group,Equity Residential,,33.8727414,-118.3924844
55,Elan Huntington Beach,"7400 Center Ave, Huntington Beach",Orange County,Huntington Beach,,A,274,2015.0,,,133986000.0,4.2,489000.0,,Catalyst Housing Group,,,33.7332407,-117.9995993
56,Union South Bay,615 E Carson St,Los Angeles,Carson,2021-07-20,A,357,2020.0,,,220000000.0,,616246.0,,California Statewide Communities Development Authority & Standard Communities,,,33.8316659,-118.2654726
57,Residences at Westgate,168 W Green St,Los Angeles,Pasadena,2021-06-15,A,340,2015.0,,,237000000.0,,697058.0,,Waterford Property Co. & California Statewide Communities,,To be converted to workforce housing,34.1442617,-118.1535854
58,The Hudson,678 E Walnut St,Los Angeles,Pasadena,2021-06-15,A,173,2016.0,91078.0,,98100000.0,,567052.0,1077.1,Waterford Property Co. & California Statewide Communities,,To be converted to workforce housing,34.1491753,-118.1364652
59,The Estelle,1333 S Orange Grove Ave,Los Angeles,Mid City,2021-05-12,A,61,2020.0,89887.0,1473.0,55000000.0,,901639.0,611.88,The Green Cities Company,"Canfield Development, Inc.",,34.052545,-118.3652416
60,Altana Glendale,633 N Central Ave,Los Angeles,Glendale,2021-04-20,A,507,2017.0,,,300000000.0,,591715.0,,Waterford Property Co. & California Statewide Communities,,To be converted to workforce housing,34.1549856,-118.2580356
61,Next on Lex,275 W Lexington Dr,Los Angeles,Glendale,2021-04-20,A,494,2019.0,,,290000000.0,,587044.0,,California Community Housing Agency,Cypress Equity,To be converted to workforce housing,34.1520407,-118.2576899
62,Via at Sunset Plaza,1124 Sherbourne Dr,Los Angeles,West Hollywood,2021-04-07,,23,1958.0,25650.0,1115.0,14000000.0,3.32,608695.0,545.81,,,,34.0566543,-118.3792821
63,318 W Wilson Ave,318 W Wilson Ave,Los Angeles,Glendale,2021-03-01,A,164,2020.0,144000.0,785.0,90700000.0,,507012.0,577.43,JRK Property Holdings,Molasky Group,15k sf CVS on ground floor. Retail taken out at $500/sf.,34.1479041,-118.2581148
64,Ocean Santa Monica,901 Ocean Ave,Los Angeles,Santa Monica,2021-02-19,,28,1961.0,30959.0,1105.0,32600000.0,3.72,1164285.0,1053.0,Coastline Real Estate Investments,American Alliance Property Management,,34.020965,-118.5054178
65,Elm Apartments,134 Elm Dr,Los Angeles,Beverly Hills,2021-02-16,,18,1962.0,25152.0,1397.0,12650000.0,3.0,702777.0,502.94,,,,34.065909,-118.3947709
66,Oakhurst Royal Apartments,412 N Oakhurst Dr,Los Angeles,Beverly Hills,2021-02-11,,15,1974.0,24294.0,1619.0,10250000.0,,683333.0,421.91,,,,34.0762978,-118.3908515
67,1835 Holmby Dr,1835 Holmby Dr,Los Angeles,West Los Angeles,2021-01-29,,16,1972.0,28704.0,1794.0,13150000.0,,821875.0,458.12,,,,34.0554253,-118.4254715
68,1500 S Granville,1500 S Granville,Los Angeles,Los Angeles,2020-12-23,A,335,2020.0,,,281000000.0,3.9,710000.0,,,CIM Group,54k sf of retail. 3 Phases totaling 335 units. Retail taken out at $800psf,34.016204,-118.4354026
69,Elmview Residences,321-327 S Elm Dr,Los Angeles,Beverly Hills,2020-12-03,A,30,2017.0,64911.0,2163.0,35800000.0,,1193333.0,551.52,,,,34.0614578,-118.3949951
70,Canyon Drive Manor Apartments,1738 Canyon Dr,Los Angeles,Los Angeles,2020-11-24,,137,1973.0,,,111500000.0,,813868.0,,Raintree Partners,Harry Root Trust,,34.1028556,-118.3165303
71,8819 Harratt St,8819 Harratt St,Los Angeles,West Hollywood,2020-10-01,,21,1989.0,24673.0,1174.0,11975000.0,4.17,570238.0,485.35,,,,34.0895177,-118.3884813
72,416 Broadway,416 Broadway,Los Angeles,Glendale,2020-10-01,A,115,2009.0,,,60000000.0,3.4,521739.0,,Fairmont Management,Essex,,34.1467438,-118.2619311
73,Avalon Venice on Rose,"1957 Lincoln Blvd, Venice",Los Angeles,Los Angeles (Venice),2020-09-08,A,70,2012.0,,,65000000.0,3.88,821920.0,,TA Realty,AvalonBay,"10% affordable units
9,332 sf of retail (fully leased, no credit, all expiring in 2022)",33.9957805,-118.4565165
74,El Palacio,8491 Fountain Ave,Los Angeles,West Hollywood,2020-08-14,,18,1931.0,21882.0,1215.0,15750000.0,3.8,875000.0,719.77,,Christina Development,,34.0944256,-118.3544799
75,Village Pointe,43612 Challenger Way,Los Angeles,Lancaster,2020-08-01,,210,1983.0,,,53000000.0,,252380.0,,Community Preservation Partners; Affordable Housing Access,InSite Development; Housing Access Corp of America,,34.6752676,-118.1122943
76,1346 N Laurel Ave,1346 N Laurel Ave,Los Angeles,West Hollywood,2020-07-16,,16,1961.0,17962.0,1122.0,10100000.0,3.54,631250.0,562.3,,,,34.0954437,-118.3643394
77,Doheny Seasons,147 S Doheny Dr,Los Angeles,Los Angeles,2020-07-10,A,21,2007.0,25904.0,1233.0,16500000.0,3.64,785714.0,636.97,,,,34.0657563,-118.389773
78,Wilshire Vermont Apartments,3183 Wilshire Blvd,Los Angeles,Los Angeles (Koreatown),2020-06-24,A,449,2007.0,,,132125000.0,,294265.0,,Divco West,"Hearthstone Housing, CALPERS",Recapitalized w/ buyer,34.0620242,-118.291101
79,8225 Fountain Ave,8225 Fountain Ave,Los Angeles,West Hollywood,2020-06-01,,7,1926.0,9331.0,1333.0,6840000.0,4.39,977142.0,733.0,,,,34.094439,-118.3681445
80,One Santa Fe,300 S Santa Fe Ave,Los Angeles,Los Angeles (Arts District),2020-03-26,A,438,2015.0,,,175500000.0,,400684.0,,Public Sector Investment Board,Berkshire Hathaway,,34.0451839,-118.2324885
81,Wakaba LA,232 E 2nd St,Los Angeles,Los Angeles (Little Tokyo),2020-02-25,A,240,2016.0,,,115750000.0,,482291.0,,JP Morgan Chase,Sares Regis Group,,33.7572215,-118.1237088
82,Golden West Tower,3510 Maricopa St,Los Angeles,Torrance,2020-02-06,,180,1973.0,,,74160000.0,,412000.0,,Community Preservation Partners; Jonathan Rose Companies,Affordable Housing Acces; Vitus Group,,33.8394407,-118.3477317
83,1901-1903 Orchid Ave,1901-1903 Orchid Ave,Los Angeles,Los Angeles,2020-01-28,,9,1929.0,10573.0,1174.0,12500000.0,,1388888.0,1182.26,Morgan Brown,John Padgett,,34.1049521,-118.3402719
84,The Preston Miracle Mile Apartments,630 Masselin Ave,Los Angeles,Los Angeles (Miracle Mile),2020-01-01,,168,1990.0,,,86770000.0,,516488.0,,Sares Regis Group,Heitman,,34.0584102,-118.3543281
85,The Gardens at Wilshire Center,"710 S Serrano Ave, Los Angeles",Los Angeles,Los Angeles,,A,159,2008.0,127492.0,,,,,,Watermarke,Chandler / Amstar,,34.0593837,-118.3064843
86,The Windward (FKA Cortland Windward Apartments),"905 Lake Union Hill Way, Alpharetta, GA 30004",Atlanta,Alpharetta,2025-12-15,,294,1987.0,,,76500000.0,,260204.0,,Post Investment Group,Cortland,,34.082824957756,-84.279461840797
87,The Lights at Northwinds,"6000 Summit Place, Alpharetta, GA 30009",Atlanta,Alpharetta,2025-12-15,,140,2021.0,,,52650000.0,,376071.0,,NAPA Property Manager,TA Realty,,34.0712,-84.2786
88,The Lofts at Twenty25,"2025 Peachtree Rd NE, Atlanta, GA 30309",Atlanta,Atlanta,2025-12-15,,623,1951.0,,,90000000.0,,144462.0,,Atlantica Properties,Harbor Group International,,33.809335554864,-84.391722061349
89,Novo Sweetwater,"1521 Lee Rd, Lithia Springs, GA 30122",Atlanta,Lithia Springs,2025-12-15,,300,2024.0,,,61800000.0,,206000.0,,ARC Capital Partners,Shelton McNally,,33.762658033493,-84.650933654887
90,Notion,"125 N Arcadia Ave, Decatur, GA 30030",Atlanta,Decatur,2025-12-15,,290,2022.0,,,76050000.0,,262241.0,,PGIM,Toll Brothers,,33.776936972344,-84.280430744521
91,Magnolia at Milton (FKA IMT Deefield),"13125 Morris Rd, Alpharetta, GA 30004",Atlanta,Alpharetta,2025-12-15,,635,2001.0,,,179718468.0,,283021.0,,Olen Properties,IMT Residential,,34.099036971611,-84.25897227535
92,Bell Kennesaw Mountain,"2504 Trees of Kennesaw Pkwy, Kennesaw, GA 30152",Atlanta,Kennesaw,2025-12-15,,450,1999.0,,,111600000.0,,248000.0,,GID,Bell Partners,,33.998879087508,-84.602534841541
93,Bell Rock Springs (FKA Rock Springs Village),"550 Rock Springs Ct NE, Atlanta, GA 30306",Atlanta,Atlanta,2025-11-15,,558,2005.0,,,150000000.0,,268817.0,,Bell Partners,Jamestown,,33.7929640546,-84.341721044131
94,Treeline Ansley (FKA Gables Midtown),"1925 Monroe Dr NE, Atlanta, GA 30324",Atlanta,Atlanta,2025-11-15,,346,2009.0,,,76000000.0,,219653.0,,Shelton McNally / Carlyle,Gables Residential,,33.807296591964,-84.375438414412
95,Elme Eagles Landing,"860 Rock Quarry Rd, Stockbridge, GA 30281",Atlanta,Stockbridge,2025-11-15,,490,2000.0,,,62501029.0,,127553.0,,Cortland,Elme Communities,,33.524200374173,-84.230357544169
96,Cortland Druid Hills (FKA Elme Druid Hills),"2696 N Druid Hills Rd NE, Atlanta, GA 30329",Atlanta,Atlanta,2025-11-15,,500,1987.0,,,89547430.0,,179095.0,,Cortland,Elme Communities,,33.822335972632,-84.316501116603
97,Cortland on Cumberland (FKA Elme Cumberland),"8 Cumberland Way SE, Smyrna, GA 30080",Atlanta,Smyrna,2025-11-15,,270,1982.0,,,44565070.0,,165056.0,,Cortland,Elme Communities,,33.881546049404,-84.481091920999
98,The Rocca,"3280 Northside Pkwy NW, Atlanta, GA 30327",Atlanta,Atlanta,2025-11-15,,314,2002.0,,,80000000.0,,254777.0,,Penler / Crow Holdings,MetLife / Norges Bank,,33.844248170236,-84.425129363292
99,Crestmark,"945 Crestmark Blvd, Lithia Springs, GA 30122",Atlanta,Lithia Springs,2025-10-15,,334,1992.0,,,60000000.0,,179641.0,,Post Investment Group,Fogelman Properties / Thackary,,33.781939155685,-84.613209841731
100,1105 Town Brookhaven,"1105 Town Blvd, Atlanta, GA 30319",Atlanta,Atlanta,2025-10-15,,299,2014.0,,,87000000.0,,290970.0,,Mesirow,Wafra,,33.871018182306,-84.337910354893
101,Timberline View (FKA Town Laurel Crossing),"1520 Laurel Crossing Pkwy NE, Buford, GA 30519",Atlanta,Buford,2025-09-15,,360,2023.0,,,110000000.0,,305556.0,,GSL Properties / DBG Properties,Related / Rockpoint,,34.049765080375,-83.990914911536
102,The Row at Barrett (Part of Portfolio),"2650 Cobb Place Ln NW, Kennesaw, GA 30144",Atlanta,Kennesaw,2025-09-15,,347,2024.0,,,106000000.0,,305476.0,,GSL Properties / DBG Properties,Related / Rockpoint,,34.013614935201,-84.572433548389
103,Eleven85,"1185 Collier Rd NW, Atlanta, GA 30318",Atlanta,Atlanta,2025-09-15,,288,2014.0,,,67000000.0,,232639.0,,Penler / Crow Holdings,TerraCap,,33.813205479189,-84.423218886754
104,Millworks,"1888 Emery St NW, Atlanta, GA 30318",Atlanta,Atlanta,2025-08-15,,345,2017.0,,,78000000.0,,226087.0,,Nuveen,Continental,,33.807228832991,-84.414402537594
105,The Cove at Covington Town Center (Recap),"12301 Town Center Blvd, Covington, GA 30014",Atlanta,Covington,2025-08-15,,350,2022.0,,,72500000.0,,207143.0,,Monument Square/7Acre/Benson Capital,Monument Square/Landmark/ACRE,,33.623291691553,-83.847189263638
106,The Vivian,"1246 Allene Ave SW, Atlanta, GA 30310",Atlanta,Atlanta,2025-08-15,,325,2023.0,,,81250000.0,,250000.0,,JW Capital,RangeWater / Park Property Capital,,33.72029618364,-84.412789092128
107,The Quinn at Perimeter,"8 Perimeter Center E, Atlanta, GA 30346",Atlanta,Atlanta,2025-08-15,,312,2009.0,,,77000000.0,,246795.0,,McDowell Properties,CWS Capital Partners,,33.926374287383,-84.336487414845
108,Trace Midtown,"782 Peachtree St NE, Atlanta, GA 30308",Atlanta,Atlanta,2025-08-15,,290,2016.0,,,94300000.0,,325172.0,,Penler / Crow Holdings,Flow (Adam Neumann),,33.7757816951,-84.384635750048
109,Oaks at Sugarloaf (FKA Cortland Sugarloaf),"5375 Sugarloaf Pkwy, Lawrenceville, GA 30043",Atlanta,Lawrenceville,2025-07-15,,406,2001.0,,,92600000.0,,228079.0,,PHH,Cortland,,33.967048844413,-84.0707125163
110,Eden at Lakeview,"4115 Lake St, Alpharetta, GA 30009",Atlanta,Alpharetta,2025-07-15,,255,2024.0,,,112500000.0,,441176.0,,Ares,Highpoint / Longwharf,,34.0728,-84.2941
111,The Jade at Avondale,"2740 E College Ave, Decatur, GA 30030",Atlanta,Decatur,2025-07-15,,270,2020.0,,,72200000.0,,267407.0,,PHH,Bellevue Living / Hughes Capital Partners,,33.774968462461,-84.277733801395
112,The Park at the Hill,"5385 Peachtree Dunwoody Rd, Atlanta, GA 30342",Atlanta,Atlanta,2025-07-15,,296,1996.0,,,69500000.0,,234797.0,,Clark Ventures,Benefit Street,,33.90135851014,-84.353263902104
113,Skye Suwanee Town Center,"500 Buford Hwy, Suwanee, GA 30024",Atlanta,Suwanee,2025-06-15,,233,2020.0,,,64750000.0,,277897.0,,Sherman Residential,Barings,,34.053515101561,-84.068643822356
114,Connect Decatur,"2641 E College Ave, Decatur, GA 30030",Atlanta,Decatur,2025-06-15,,378,2019.0,,,90500000.0,,239418.0,,Cortland,Spyglass Capital Partners,,33.774739279481,-84.279896901324
115,Summit Crossing I (Part of Portfolio),"3920 Ivy Summit Ct, Cumming, GA 30041",Atlanta,Cumming,2025-06-15,,345,2007.0,,,90000000.0,,260870.0,,Equity Residential,Blackstone,,34.142669423673,-84.192465136578
116,The Falls at Forsyth (Part of Portfolio),"5310 Falls Dr, Cumming, GA 30028",Atlanta,Cumming,2025-06-15,,356,2018.0,,,102000000.0,,286517.0,,Equity Residential,Blackstone,,34.299425437866,-84.073662517545
117,Cortland Lex (Part of Portfolio),"1000 Lexington Farms Dr, Alpharetta, GA 30004",Atlanta,Alpharetta,2025-06-15,,360,1995.0,,,106000000.0,,294444.0,,Equity Residential,Blackstone,,34.0822,-84.3024
118,Cortland Buckhead (Recap),"3005 Peachtree Rd NE, Atlanta, GA 30305",Atlanta,Atlanta,2025-06-15,,399,2019.0,,,150000000.0,,375940.0,,Cortland,Flow,,33.836003018637,-84.381764619154
120,Heights at Shadowood,"2180 Shadowood Pkwy SE, Atlanta, GA 30339",Atlanta,Atlanta,2025-05-15,,287,2023.0,,,87535000.0,,305000.0,,RPM / Marcus Partners,WSE Development LLC,,33.897680438794,-84.45410304102
121,Marquis Midtown District,"415 Armour Dr NE, Atlanta, GA 30324",Atlanta,Atlanta,2025-04-15,,372,2008.0,,,71250000.0,,191532.0,,Cortland,CWS Capital Partners,,33.81263036544,-84.373857412614
122,Block Lofts,"747 Ralph McGill Blvd NE, Atlanta, GA 30312",Atlanta,Atlanta,2025-03-15,,244,2005.0,,,69500000.0,,284836.0,,Ares,Carter-Haston,,33.766743351914,-84.362690623574
123,Grande Oaks,"100 Legacy Oaks Cir, Roswell, GA 30076",Atlanta,Roswell,2025-03-15,,270,1996.0,,,61921806.0,,229340.0,,McCann Realty/Sagard Real Estate,SREIT Grande Oaks/Strata Equity Group/Lone Star,,34.037716461744,-84.335745482577
124,Inman Quarter (Recap),"299 N Highland Ave NE, Atlanta, GA 30307",Atlanta,Atlanta,2025-03-15,,200,2015.0,,,97060741.0,,485304.0,,Jamestown,TriBridge,,33.762865127718,-84.358072547546
125,Avana TownPark,"3725 George Busbee Pkwy NW, Kennesaw, GA 30144",Atlanta,Kennesaw,2025-02-15,,300,1996.0,,,60750000.0,,202500.0,,Greystar,"Starwood Real Estate Income Trust, Inc.",,34.039355319091,-84.573970130675
126,Columbia Square Living,"1550 N El Centro Ave, Los Angeles, CA 90028",Los Angeles,Hollywood,2026-04-15,,200,2016.0,203800.0,1019.0,99000000.0,5.12,495000.0,486.0,Advanced Real Estate,Kilroy,,34.098929226459,-118.323656778851
127,Jardine,"6390 De Longpre Ave, Los Angeles, CA 90028",Los Angeles,Hollywood,2026-04-15,,193,2021.0,168875.0,875.0,103000000.0,4.45,533679.0,610.0,Advanced Real Estate,Kilroy,,34.096113848277,-118.328567938113
128,San Regis,"15454 Sherman Way, Van Nuys, CA 91406",Los Angeles,Van Nuys,2026-04-15,,390,1969.0,265200.0,680.0,69000000.0,,176923.0,260.0,Post Investment Group,Nuveen,,34.201006317482,-118.469550760461
129,Metro Mission Valley,"5080 Camino Del Arroyo, San Diego, CA 92108",San Diego,Mission Valley,2026-04-15,,305,2018.0,265960.0,787.0,148500000.0,4.8,486885.0,558.0,GID,R&V Management,,32.766493725593,-117.158286474591
130,Twin Towers Apartments,"15909 Vermont Ave, Paramount, CA 90723",Los Angeles,Paramount,2026-04-15,,153,1987.0,115362.0,754.0,40000000.0,5.81,261438.0,347.0,,Coastline Real Estate Investment,Renovated 2001,33.889048934964,-118.162802860735
131,Rollingwood Apartments,"1901 E Amar Rd, West Covina, CA 91792",Los Angeles,West Covina,2026-04-15,,169,1978.0,139932.0,828.0,48430000.0,,286568.0,346.0,,Harris Taylor,,34.0277126,-117.9049725
132,Axiom Westwood,"415 Gayley Ave, Los Angeles, CA 90024",Los Angeles,Westwood,2026-04-15,,153,1962.0,110619.0,723.0,62600000.0,,409150.0,566.0,Linda L & Jason Roostaeian,Raintree,,34.070288427669,-118.454440621979
133,Kendall Brook,"1200 Kendall Dr, San Bernardino, CA 92407",Inland Empire,San Bernardino,2026-04-15,,113,1986.0,80230.0,710.0,17200000.0,,152212.0,274.0,Spring Property Group,Sheila Young,"Cap rate noted as ""Mid 6% Stab.""",34.166575213558,-117.310338398443
134,Chelsea Apartments,"1318 2nd St, Santa Monica, CA 90401",Los Angeles,Santa Monica,2026-03-15,,53,2016.0,39450.0,631.0,33100000.0,5.53,624528.3018867924,839.0367553865652,1031 Private Investor,Kort Scott,,34.015905741245,-118.498353439997
135,Allure at Camarillo,"390 Paseo Camarillo, Camarillo, CA 93010",Ventura County,Camarillo,2026-03-15,,165,2003.0,145200.0,880.0,69500000.0,4.7,421212.0,479.0,Jackson Square Properties,Nuveen,,34.220946783028,-119.063628302387
136,The Hawthorne,"9174 Indiana Ave, Riverside, CA 92503",Inland Empire,Riverside,2026-03-15,,184,2023.0,160632.0,873.0,65250000.0,4.7,354620.0,406.0,Alliance | PCCP,Carlyle/Brandywine,,33.916890488774,-117.436473871097
137,Shift,"1501 Island Ave, San Diego, CA 92101",San Diego,East Village,2026-02-15,,368,2018.0,333408.0,906.0,134400000.0,4.78,365217.0,403.0,MG | Canyon Equity Partners,Quarterra/Lennar,,32.710383943532,-117.150287506517
138,Resort at Encinitas,"1320 Via Terrassa, Encinitas, CA 92024",San Diego,Encinitas,2026-02-15,,198,1986.0,203544.0,1028.0,110000000.0,4.9,555556.0,540.0,Fairfield,Interstate Equities,,33.047979798244,-117.264518830974
139,Sunrise Fountains,"2104 S Lewis St, Anaheim, CA 92802",Orange County,Anaheim,2026-02-15,,132,1989.0,105600.0,800.0,42750000.0,4.3,323864.0,405.0,Benedict Canyon Equities,Consensys,,33.796033378931,-117.897628913795
140,Tempo at Riverpark,"450 Forest Park Blvd, Oxnard, CA 93036",Ventura County,Oxnard,2026-01-15,,235,2016.0,224425.0,955.0,105000000.0,4.7,446809.0,468.0,Hines,Bascom Group,,34.242024876055,-119.173458410559
142,717 Olympic,"717 W Olympic Blvd, Los Angeles, CA 90015",Los Angeles,DTLA,2025-12-15,,151,2008.0,157342.0,1042.0,68800000.0,3.83,455629.0,437.0,APW Avenue Capital,Metlife Investment Management,,34.044555606442,-118.262965450564
143,Presidio at Rancho Del Oro,"4401 Mission Ave, Oceanside, CA 92057",San Diego,Oceanside,2025-12-15,,264,1987.0,243672.0,923.0,102500000.0,5.25,388258.0,421.0,Prime Residential,TruAmerica | Allstate | Eagle Realty,,33.229260343089,-117.305390754819
144,Grffis Platinum Triangle,"1912 S Jacaranda St, Anaheim, CA 92805",Orange County,Anaheim,2025-12-15,,332,2019.0,300792.0,906.0,152950000.0,4.57,460693.0,508.0,Griffis Residential,MORE | Stockbridge,,33.7987348,-117.8899916
145,Sorrel at Warner Center,"21021 Erwin St, Woodland Hills, CA 91367",Los Angeles,Warner Center,2025-12-15,,395,2015.0,422255.0,1069.0,156300000.0,4.8,395696.0,370.0,Waterton,Intercontinental/TruAmerica,,34.182838554839,-118.590847668074
146,Lumia,"850 N Azusa Ave, Azusa, CA 91702",Los Angeles,Azusa,2025-12-15,,127,2024.0,110109.0,867.0,53000000.0,,417323.0,481.0,Battaglia Inc.,Serrano Development Group,"Cap rate noted as ""Mid-4%""",34.136351901914,-117.907433222741
147,4252 Crenshaw,"4252 Crenshaw Blvd, Los Angeles, CA 90008",Los Angeles,Leimert Park,2025-12-15,,111,2020.0,39294.0,354.0,34300000.0,,309009.0,873.0,Foundation Permenent Housing Fund,Magnum Real Estate Group,,34.006759797542,-118.33462743475
148,SM Hollywood Studios,"1717 N Highland Ave, Los Angeles, CA 90028",Los Angeles,Hollywood,2025-12-15,,177,1927.0,45135.0,255.0,18550000.0,6.17,104802.0,411.0,SM Hollywood Studios LLC,Langdon Park Capital,,34.103329732887,-118.338770987945
149,Hills at Hacienda Heights,"2401 S Hacienda Blvd, Hacienda Heights, CA 91745",Los Angeles,San Gabriel Valley,2025-11-15,,350,1971.0,322000.0,920.0,107000000.0,,305714.0,332.0,Eagle Real Estate | Red Stone,MG Properties,Renovated 2012,33.992033109263,-117.968807449261
150,Springbrook Park Apartments,"1100 N Orange St, Riverside, CA 92501",Inland Empire,Northside,2025-10-15,,120,1971.0,114720.0,956.0,27300000.0,4.95,227500.0,238.0,Stanley Ning,Nancy Steinberg,,34.006556837212,-117.356294513685
151,The View,"3460 W 7th St, Los Angeles, CA 90005",Los Angeles,Koreatown,2025-10-15,,168,1965.0,147000.0,875.0,52075000.0,5.8,309970.0,354.0,Concord Capital,"BGO, MWest",Renovated 2013,34.059654850799,-118.302254458069
152,Eleve Lofts,"200 E Broadway, Glendale, CA 91205",Los Angeles,Glendale,2025-10-15,,208,2013.0,113984.0,548.0,76000000.0,5.1,365385.0,667.0,Confidential,EQR,,34.146237041214,-118.253728509892
153,The Cove at West Covina,"1829 E Workman Ave, West Covina, CA 91791",Los Angeles,Covina,2025-10-15,,138,1962.0,129996.0,942.0,41000000.0,5.35,297101.0,315.0,Advanced Real Estate,Langdon Park Capital,,34.075555418032,-117.906534919944
154,El Centro (Leasehold),"6200 Hollywood Blvd, Los Angeles, CA 90028",Los Angeles,Hollywood,2025-10-15,,507,2018.0,411684.0,812.0,155575000.0,,306854.0,378.0,Big4 Properties | Madison Intl.,DLJ Real Estate,"Cap rate noted as ""Mid-5%""",34.101575580763,-118.325242424715
155,Azusa Gardens,"601 E 8th St, Azusa, CA 91702",Los Angeles,Azusa,2025-10-15,,112,1987.0,105840.0,945.0,29300000.0,5.0,261607.0,277.0,TriWest Development,Choe Family Trust,,34.135434202785,-117.900721876824
156,Las Positas,"352 Townsite Promenade, Camarillo, CA 93010",Ventura County,Camarillo,2025-10-15,,213,2019.0,215343.0,1011.0,109875000.0,4.43,515845.0,510.0,AMLI Residential,MG Properties,,34.221746248905,-119.080246793472
157,Sofi at Topanga Canyon,"9733 Topanga Canyon Blvd, Chatsworth, CA 91311",Los Angeles,Chatsworth,2025-10-15,,119,2009.0,125783.0,1057.0,44000000.0,,369748.0,350.0,Amoroso Companies,Pacific Urban Investors,"Cap rate noted as ""High-4%""",34.24799538711,-118.60639734912
158,The Parker Apartments,"4640 Arden Way, El Monte, CA 91731",Los Angeles,El Monte,2025-10-15,,177,1963.0,112218.0,634.0,46675000.0,,263701.0,416.0,Belveron Partners,"Uhon, Inc.","Renovated 2018; Cap rate noted as ""High-5%""",34.089948726931,-118.041748473901
159,Runway Living,"12760 W Millennium Dr, Playa Vista, CA 90094",Los Angeles,Playa Vista,2025-09-15,,420,2015.0,384720.0,916.0,268700000.0,4.62,639762.0,698.0,Hines,Invesco | NPS,,33.97572401825,-118.416753236742
160,Emerald South Park,"215 W 14th St, Los Angeles, CA 90015",Los Angeles,DTLA,2025-09-15,,154,2023.0,111342.0,723.0,50500000.0,5.4,327922.0,454.0,HACLA,JADE Enterprises,,34.036226976831,-118.263548718134
161,Rise Hollywood,"1331 N Cahuenga Blvd, Los Angeles, CA 90028",Los Angeles,Hollywood,2025-09-15,,369,2021.0,283023.0,767.0,159000000.0,,430894.0,562.0,AEW,Encore | Blackstone,"Cap rate noted as ""Low-5%""",34.095262398994,-118.328926642252
162,The Square Apartments,"12535 Brookshire Ave, Downey, CA 90242",Los Angeles,Downey,2025-09-15,,112,1965.0,114688.0,1024.0,37600000.0,,335714.0,328.0,The Bascom Group,"B.A.G. Investments, Inc",Renovated 2003,33.921059142614,-118.142903311612
163,University Village (Student Housing Conversion),"901 E Alosta Ave, Azusa, CA 91702",Los Angeles,Azusa,2025-09-15,,320,1985.0,249600.0,780.0,91750000.0,,286719.0,368.0,Legacy/PGIM,Azusa Pacific University,"Cap rate noted as ""Mid-5%""",34.128826411044,-117.888227650264
164,Canyon Villa Apartments,"601 Telegraph Canyon Rd, Chula Vista, CA 91910",San Diego,Chula Vista,2025-09-15,,183,1981.0,178974.0,978.0,73750000.0,4.5,403005.0,412.0,Post Investment Group,MG Properties,,32.627995334347,-117.036626192988
165,Esplanade (Leasehold),"11711 Collett Ave, Riverside, CA 92505",Inland Empire,Riverside,2025-09-15,,588,2004.0,547428.0,931.0,166500000.0,5.3,283163.0,304.0,Abacus,Sequoia,,33.906027608203,-117.494252068185
166,Fountain View Apartments,"3640 Los Feliz Blvd, Los Angeles, CA 90027",Los Angeles,Los Feliz,2025-08-15,,122,1954.0,102236.0,838.0,33750000.0,,276639.0,330.0,Wilshire Capital Partners,Fountain View Apartments,Renovated 2022,34.115864993772,-118.272722155517
167,Cypress Point,"1241 Cypress Point Ln, Ventura, CA 93003",Ventura County,Ventura,2025-08-15,,268,1990.0,235840.0,880.0,100000000.0,4.54,373134.0,424.0,Raintree Partners,The Towbes Group,,34.26333545709,-119.215604168788
168,Fusion Encore,"1714 N McCadden Pl, Los Angeles, CA 90028",Los Angeles,Hollywood,2025-08-15,,218,2010.0,186172.0,854.0,73900000.0,4.2,338991.0,397.0,The Lighthouse Group,New York Life,Renovated 2018,34.101827045318,-118.337351611654
169,Venue at Orange,"1610 Orange Ave, Redlands, CA 92373",Inland Empire,Redlands,2025-07-15,,328,2023.0,309632.0,944.0,148400000.0,4.5,452439.0,479.0,Sentinel Real Estate,LuxView Properties,,34.052047381342,-117.209101103219
170,10th & G,"707 10th Ave, San Diego, CA 92101",San Diego,East Village,2025-07-15,,207,2010.0,110745.0,535.0,71000000.0,4.85,342995.0,641.0,Lowe,JPM,,32.712715440301,-117.155512003802
171,AMLI Warner Center,"21200 Kittridge St, Woodland Hills, CA 91303",Los Angeles,Warner Center,2025-07-15,,522,2006.0,460592.0,882.0,190500000.0,5.22,364943.0,414.0,Waterton,AMLI Residential,,34.191153853029,-118.594109606527
172,Ontario Town Square Townhomes,"380 E Bluebird Privado, Ontario, CA 91764",Inland Empire,Ontario,2025-07-15,,140,2009.0,209160.0,1494.0,60500000.0,5.2,432143.0,289.0,Green Leaf,MG Properties,,34.064327629327,-117.647290799607
173,The Langham,"715 S Normandie Ave, Los Angeles, CA 90005",Los Angeles,Koreatown,2025-07-15,,181,1927.0,132210.0,540.0,26100000.0,8.22,144199.0,197.0,Concord Capital Partners,The Seligman Group,Renovated 2014,34.059450513893,-118.299874922413
174,Park Wilshire,"2424 Wilshire Blvd, Los Angeles, CA 90057",Los Angeles,MacArthur Park,2025-07-15,,170,1924.0,96050.0,565.0,25000000.0,,147059.0,260.0,Concord Capital Partners,Midwood Investment & Development,Renovated 2004,34.059725323261,-118.279838918716
175,Villa Del Mar (Leasehold),"13999 Marquesas Way, Marina Del Rey, CA 90292",Los Angeles,Marina Del Rey,2025-07-15,,198,1972.0,244134.0,1233.0,62000000.0,10.47,313131.0,254.0,Whittier Trust/Woodridge Capital,Far West Management,,33.976518,-118.454351
176,Folia,"12520 Camino Del Sur, San Diego, CA 92129",San Diego,Rancho Penasquitos,2025-06-15,,342,2025.0,375516.0,1098.0,238000000.0,,695906.0,634.0,Property Reserve,Holland/Invesco,"Cap rate noted as ""Mid-4% Stab.""",32.9806119,-117.1572854
177,Chase Knolls,"13401 Riverside Dr, Sherman Oaks, CA 91423",Los Angeles,Sherman Oaks,2025-06-15,,401,1948.0,337642.0,842.0,129000000.0,,321696.0,382.0,JRK,Waterton,"Renovated 2022; Cap rate noted as ""Mid-5%""",34.157671438418,-118.425130566926
178,Overlook Point,"1616 Guy St, San Diego, CA 92103",San Diego,Midtown,2025-06-15,,121,1963.0,41624.0,344.0,31100000.0,,257025.0,747.0,Prospect Sd Overlook LLC,Viewpoint Equities,,32.743815471669,-117.178331395421
179,Novo,"1940 Fullerton Rd, Rowland Heights, CA 91748",Los Angeles,Rowland Heights,2025-06-15,,126,1974.0,104202.0,827.0,38300000.0,,303968.0,368.0,Community Housing Works,Stratford Partners,,33.984278680937,-117.90752880345
180,Candlewood North,"9830 Reseda Blvd, Northridge, CA 91324",Los Angeles,Northridge,2025-06-15,,189,1964.0,170856.0,904.0,51100000.0,,270370.0,299.0,Post Investment Group,Waterton,,34.249318434775,-118.536024932526
181,Citron Apartments,"901 E South St, Anaheim, CA 92805",Orange County,Anaheim,2025-06-15,,314,2023.0,283542.0,903.0,144440000.0,4.75,460000.0,509.0,MG Properties,Anton Development,,33.82877842323,-117.902254093284
182,Santa Fe Ranch,"3402 Calle Odessa, Carlsbad, CA 92009",San Diego,Carlsbad,2025-04-15,,320,1987.0,274560.0,858.0,138750000.0,4.65,433594.0,505.0,Bridge Investment Group,Nuveen,,33.078030639992,-117.234421287673
183,Skyline at MacArthur Place (Condo Conversion),"1 MacArthur Pl, Santa Ana, CA 92707",Orange County,Santa Ana,2025-04-15,,350,2008.0,541450.0,1547.0,239600000.0,4.3,684571.0,443.0,Crescent Heights,Essex Property Trust,,33.700156458075,-117.867933035491
184,Creekside Alta Loma,"10757 Lemon Ave, Rancho Cucamonga, CA 91737",Inland Empire,Rancho Cucamonga,2025-04-15,,290,1989.0,257230.0,887.0,90000000.0,5.08,310345.0,350.0,Livcor,Nuveen,,34.139655800387,-117.57030652802
185,Terraza Hills,"425 E Bradley Ave, El Cajon, CA 92021",San Diego,El Cajon,2025-03-15,,200,1976.0,168400.0,842.0,45000000.0,6.0,225000.0,267.0,Sunstone Property Trust,Don Swanson,Renovated 2000,32.81905892057,-116.954372928926
186,Gateway Villas,"290 N Hudson Ave, Pasadena, CA 91101",Los Angeles,Pasadena,2025-03-15,,140,2002.0,134540.0,961.0,60000000.0,3.7,428571.0,446.0,Hines,Washington Capital,,34.150727043656,-118.134587323689
187,Elevate at Towngate,"13400 Elsworth St, Moreno Valley, CA 92553",Inland Empire,Moreno Valley,2025-03-15,,227,1973.0,202938.0,894.0,41000000.0,6.25,180617.0,202.0,FPA,NSE/Brixton,,33.925645383479,-117.269972251018
188,Palm Chaparral,"38441 5th St W, Palmdale, CA 93551",Los Angeles,Palmdale,2025-03-15,,296,1987.0,213712.0,722.0,71000000.0,6.98,239865.0,332.0,Post Investment Group,George Brock,,34.580089954571,-118.138562993472
189,Genessee Park,"3710 Boyd Ave, San Diego, CA 92111",San Diego,Clairemont,2025-02-15,,192,1984.0,200256.0,1043.0,67900000.0,3.0,353646.0,339.0,American Assets Trust,Scott Management Company,,32.81088723272,-117.177590899637
190,Highridge,"28125 Peacock Ridge Dr, Rancho Palos Verdes, CA 90275",Los Angeles,Rancho Palos Verdes,2025-02-15,,257,1972.0,297349.0,1157.0,127000000.0,5.19,494163.0,427.0,"Bascom, Pacific Life",Essex Property Trust,,33.776118399968,-118.382006536335
191,Park 12,"100 Park Plz, San Diego, CA 92101",San Diego,East Village,2025-02-15,,718,2018.0,692152.0,964.0,309000000.0,4.9,430362.0,446.0,MG Properties,Greystar,,32.706815,-117.1542339
192,Teresina Apartments,"1250 Santa Cora Ave, Chula Vista, CA 91913",San Diego,Otay Ranch,2025-01-15,,440,2000.0,430760.0,979.0,183000000.0,5.0,415909.0,425.0,Nuveen,Equity Residential,,32.630922143694,-116.985624147709
193,Rancho Vista Apartments (Leasehold),"3200 E Jurupa St, Ontario, CA 91761",Inland Empire,Ontario,2025-01-15,,125,1984.0,127750.0,1022.0,46275000.0,,370200.0,362.0,Convenient Holdings,Clear Capital,"Cap rate noted as ""High 4%""",34.048239475753,-117.581635874897
194,G12 (loan assumption),"1200 S Grand Ave, Los Angeles, CA 90015",Los Angeles,DTLA,2025-01-15,,347,2017.0,230408.0,664.0,122491000.0,5.0,353000.0,532.0,Waterton,Affinius Capital,,34.040056722189,-118.26328789418
195,La Vista Apartments,"740 S Western Ave, Santa Maria, CA 93458",Santa Barbara,Santa Maria,2024-12-15,,460,1979.0,296700.0,645.0,116000000.0,5.2,252174.0,391.0,Westview Capital,Kennedy Wilson,Renovated 2011,34.945446555693,-120.449399221149
196,The Clarendon Apartments,"22121 Clarendon St, Woodland Hills, CA 91367",Los Angeles,Woodland Hills,2024-12-15,,335,2020.0,294800.0,880.0,141900000.0,,423582.0,481.0,HACLA,AMCAL,,34.169695447565,-118.608237371223
197,Candela,"1745 N Gramercy Pl, Los Angeles, CA 90028",Los Angeles,Hollywood,2024-12-15,,112,1973.0,85344.0,762.0,35490000.0,5.5,316875.0,416.0,Brookfield / CityView,Raintree Partners,,34.102508133007,-118.3123265462
198,Simone,"1401 Union St, San Diego, CA 92101",San Diego,Little Italy,2024-12-15,,395,2023.0,316213.0,801.0,283000000.0,4.65,716456.0,895.0,Blackrock | NY Common,TCR | Pac Life | AAA Mgmt.,,32.719939534568,-117.165528996002
199,The Royce,"3301 Michelson Dr, Irvine, CA 92612",Orange County,Irvine,2024-12-15,,520,2018.0,404560.0,778.0,247500000.0,4.2,475962.0,612.0,Metlife | NY Common,Invesco,,33.671075538147,-117.84490221262
200,Vista Imperio,"5880 Lochmoor Dr, Riverside, CA 92507",Inland Empire,Riverside,2024-12-15,,158,2004.0,136038.0,861.0,49850000.0,4.9,315506.0,366.0,Western National Group,LivCor,,33.944849210648,-117.30082840295
201,Seventh & G,"677 Seventh Ave, San Diego, CA 92101",San Diego,Gaslamp,2024-12-15,,145,2006.0,99325.0,685.0,53000000.0,4.85,365517.0,534.0,Pacific Urban Residential,JP Morgan,,32.712309908607,-117.158251703121
202,Sixth & G,"655 Sixth Ave, San Diego, CA 92101",San Diego,Gaslamp,2024-12-15,,106,2008.0,82044.0,774.0,44500000.0,4.85,419811.0,542.0,Pacific Urban Residential,JP Morgan,,32.712088206711,-117.159153248794
203,The Marquee Apartment Homes,"5001 Lankershim Blvd, North Hollywood, CA 91601",Los Angeles,North Hollywood,2024-11-15,,236,1965.0,144432.0,612.0,44000000.0,,186441.0,305.0,Post Investment Group,MG Properties,Renovated 2010,34.160696364166,-118.372163591009
204,Market Street Village (Affordable Conversion),"699 14th St, San Diego, CA 92101",San Diego,East Village,2024-11-15,,229,2006.0,174727.0,763.0,82200000.0,4.5,358952.0,470.0,Community Solutions,EQR,,32.712562956338,-117.151874821573
205,Presidio Villas,"115 Taylor St, Vista, CA 92084",San Diego,Vista,2024-11-15,,100,1986.0,94700.0,947.0,14800000.0,,148000.0,156.0,George Doan,Frandsen Family Trust,,33.229286534513,-117.247579244966
206,Preserve at Melrose,"1401 N Melrose Dr, Vista, CA 92083",San Diego,Vista,2024-11-15,,410,2015.0,403850.0,985.0,185000000.0,4.9,451220.0,458.0,Mesirow,MG Properties,,33.215618136658,-117.256085372011
207,Westbrook,"4680 Mitchell Ave, Riverside, CA 92505",Inland Empire,Riverside,2024-11-15,,56,2023.0,45008.0,804.0,18585000.0,4.5,331875.0,412.9265908282972,-,-,,33.919116862369,-117.482943738839
208,Skye Apartments,"501 W Bobier Dr, Vista, CA 92083",San Diego,Vista,2024-11-15,,290,2016.0,273760.0,944.0,125750000.0,5.0,433621.0,459.0,MG Properties,Northwestern Mutual,,33.221261197078,-117.253686688765
209,The Avalyn,"1774 Metro Ave, Chula Vista, CA 91915",San Diego,Otay Ranch,2024-10-15,,480,,498509.0,1039.0,210000000.0,4.9,437500.0,421.0,Blackstone,Met Life/All State/Ryan Co.,,32.616633863997,-116.965762450531
210,10401-10559 Edison Way,"10401 Edison Way, North Hollywood, CA 91601",Los Angeles,North Hollywood,2024-10-15,,126,1945.0,112644.0,894.0,18200000.0,,144444.0,162.0,LAApartments.Biz,Douglas Apartments,,34.180102438838,-118.358972477076
211,Sofi Ventura,"1776 Buena Vista St, Ventura, CA 93001",Ventura County,Ventura,2024-10-15,,255,1976.0,197115.0,773.0,88000000.0,5.0,345098.0,446.0,Tom Redren & Associates,Pacific Urban Investors,,34.285353840753,-119.274100212176
212,Horizon,"1551 W Edinger Ave, Santa Ana, CA 92704",Orange County,Santa Ana,2024-10-15,,406,1972.0,326424.0,804.0,129200000.0,5.45,318227.0,396.0,Ethos/Bridge,Bascom/AEW,,33.727246456182,-117.889108289305
213,Eastown (Leasehold),"6201 Hollywood Blvd, Los Angeles, CA 90028",Los Angeles,Hollywood,2024-09-15,,535,2014.0,411950.0,770.0,190981000.0,6.11,356974.0,464.0,FPA Multifamily,DLJ Real Estate,,34.101691438832,-118.324550989202
214,Las Palmas,"2598 Associated Rd, Fullerton, CA 92835",Orange County,Fullerton,2024-09-15,,259,1982.0,231337.0,855.0,40000000.0,,154440.0,173.0,Borstein Enterprises,Marshall Ketchum University,,33.895485153793,-117.885008759478
215,Marquessa,"2235 Treehouse Ln, Corona, CA 92879",Inland Empire,Corona,2024-09-15,,336,1992.0,298704.0,889.0,91000000.0,4.75,270000.0,305.0,Fairfield,Capitaland,,33.891970974489,-117.521978091965
216,Ashton,"2178 Stoneridge Dr, Corona, CA 92879",Inland Empire,Corona,2024-09-15,,492,1986.0,418200.0,850.0,136500000.0,5.1,277439.0,326.0,Abacus,Capitaland,,33.892377960838,-117.523947626352
217,Deerwood,"2215 E Lakeside Pl, Corona, CA 92879",Inland Empire,Corona,2024-09-15,,316,1992.0,336856.0,1066.0,100000000.0,5.15,315000.0,297.0,Fairfield,Capitaland,,33.893656362081,-117.521865814678
218,Broadstone Balboa Park,"3288 5th Ave, San Diego, CA 92103",San Diego,Banker's Hill,2024-09-15,,100,2015.0,77700.0,777.0,51000000.0,4.3,510000.0,656.0,Avalon Bay,Clarion Partners,,32.73960302015,-117.160427214278
220,High Desert Villas,"13351 Mariposa Rd, Victorville, CA 92395",Inland Empire,Victorville,2024-08-15,,232,1989.0,197053.0,849.0,34800000.0,5.7,150000.0,177.0,Investment Concepts,Strata,,34.492885008784,-117.330105998938
221,Wakaba Apartments (2024 sale),"232 E 2nd St, Los Angeles, CA 90012",Los Angeles,DTLA,2024-08-15,,240,2016.0,200432.0,835.0,86100000.0,5.23,358750.0,430.0,FPA Multifamily,J.P. Morgan,,34.049907871062,-118.242857042369
222,The Arbors,"1100 Fairhaven Ave, Santa Ana, CA 92705",Orange County,Santa Ana,2024-08-15,,160,1969.0,122720.0,767.0,40750000.0,5.25,254688.0,332.0,Post Investment Group,Robert & Cathleen Brett,,33.77325685775,-117.855796472969
223,ALX,"300 14th St, San Diego, CA 92101",San Diego,East Village,2024-07-15,,313,2017.0,246644.0,788.0,136000000.0,4.4,434505.0,551.0,Virtu Investments,UBS,,32.708427477786,-117.151950428109
224,Millennium PQ,"14433 Penasquitos Dr, San Diego, CA 92129",San Diego,I-15 Corridor,2024-07-15,,331,2023.0,288724.0,872.0,166824000.0,4.7,504000.0,578.0,GID,Dinerstein,,32.978051956042,-117.091046306797
225,Rancho Hills,"856 Heatherwood Lane, Vista, CA 92081",San Diego,Vista,2024-07-15,,148,1986.0,119140.0,805.0,53500000.0,5.41,361486.0,449.0,Gelt,Nuveen,,33.163907063003,-117.223580519355
226,Luma,"1440 Columbia St. San Diego, CA 92101",San Diego,Little Italy,2024-06-15,,220,2019.0,202620.0,921.0,135000000.0,4.14,613636.0,666.0,KKR,Quarterra,,32.720311893094,-117.167463563714
227,Marisol,"3251 Marisol Pl, Carlsbad, CA 92010",San Diego,Carlsbad,2024-06-15,,278,2018.0,282726.0,1017.0,151510000.0,4.75,545000.0,536.0,KKR,Quarterra,,33.1802647,-117.302774
228,CORE,"1815 S Westside Dr, Anaheim, CA 92805",Orange County,Anaheim,2024-06-15,,400,2018.0,363200.0,908.0,180000000.0,5.25,450000.0,496.0,KKR,Quarterra,,33.801509333734,-117.894822822678
229,Hue North Hollywood,"5077 Lankershim Blvd, North Hollywood, CA 91601",Los Angeles,North Hollywood,2024-06-15,,156,2015.0,123084.0,789.0,62100000.0,5.7,398077.0,505.0,Prime,AvalonBay Communities,,34.16260551171,-118.373321540005
230,The Ranch at Moorpark,"51 Majestic Ct, Moorpark, CA 93021",Ventura County,Moorpark,2024-04-15,,370,1986.0,328560.0,888.0,136900000.0,5.5,370000.0,417.0,AEW,Decron Properties,,34.276525451683,-118.880725531927
231,VEDA,"4735 Sepulveda Blvd, Sherman Oaks, CA 91403",Los Angeles,Sherman Oaks,2024-04-15,,236,1988.0,223256.0,946.0,72500000.0,4.8,307203.0,325.0,Abacus Capital Group,Alliance Residential Company/ Stockbridge,Renovated 2018,34.156795878493,-118.4662223077
232,888 Hope,"888 S Hope St, Los Angeles, CA 90017",Los Angeles,DTLA,2024-03-15,,525,2018.0,431550.0,822.0,186000000.0,4.64,354286.0,431.0,FPA Multifamily,CIM Group,,34.045201890916,-118.260204317513
233,Pulse Millenia,"2043 Artisan Wy, Chula Vista, CA 91915",San Diego,Otay Ranch,2024-02-15,,273,2016.0,264810.0,970.0,116000000.0,5.25,424908.0,438.0,MG Properties,Northwestern Mutual Life,,32.619653232041,-116.964366516418
234,Regency Palms Apartments,"6762 Warner Ave, Huntington Beach, CA 92647",Orange County,Huntington Beach,2024-01-15,,310,1969.0,252340.0,814.0,127000000.0,4.25,409677.0,503.0,A&M Properties,EQR,,33.71539587284,-118.010934727979
235,Aventon Huntington Station,"5919 Ashlar Way, Alexandria, VA",Washington DC,Alexandria,Jan-26,B,366,2024.0,330864.0,904.0,150500000.0,5.0,411202.0,455.0,Eaton Vance,Aventon,,38.791316,-77.074705
236,Burke Shire Commons,"5812 Chase Commons Ct, Burke, VA",Washington DC,Fairfax County,Jan-26,C,360,1986.0,365040.0,1014.0,138100000.0,5.25,383611.0,378.0,DSF Group,Blackstone,,38.793257,-77.297939
237,Kingston at McLean Crossing,"7480 Birdwood Ave, McLean, VA",Washington DC,McLean,Jan-26,B,319,2018.0,278806.0,874.0,144600000.0,5.0,453292.0,519.0,Pantzer,LCOR,,38.92513,-77.203888
238,Aspire Apollo,"4451 Telfair Blvd, Camp Springs, MD",Washington DC,Prince George's County,Feb-26,B,417,2016.0,413247.0,991.0,112000000.0,6.0,268585.0,271.0,29th Street,Peter NG Schwartz,Part of 3-property Apollo portfolio sale; 29th Street / Peter NG Schwartz; $323.5M total,38.829518,-76.910143
239,Allure Apollo,"4401 Telfair Blvd, Camp Springs, MD",Washington DC,Prince George's County,Feb-26,B,384,2019.0,372480.0,970.0,109000000.0,6.0,283854.0,293.0,29th Street,Peter NG Schwartz,Part of 3-property Apollo portfolio sale; 29th Street / Peter NG Schwartz; $323.5M total,38.829853,-76.910846
240,Ascend Apollo,"9400 Grand Blvd, Largo, MD",Washington DC,Prince George's County,Feb-26,B,424,2017.0,356584.0,841.0,102500000.0,6.0,241745.0,287.0,29th Street,Peter NG Schwartz,Part of 3-property Apollo portfolio sale; 29th Street / Peter NG Schwartz; $323.5M total,38.899082,-76.842055
241,Preserve at Westfields,"4950 Westcroft Blvd, Chantilly, VA",Washington DC,Chantilly,Mar-26,B,595,2020.0,588505.0,989.0,258500000.0,5.0,434454.0,439.0,Eaton Vance,Northwood,,38.872685,-77.450171
242,The Reed,"15955 Frederick Rd, Rockville, MD",Washington DC,Rockville,Mar-26,B,417,2015.0,372084.0,892.0,110000000.0,,263789.0,296.0,Comstock,Bainbridge,,39.118299,-77.169363
243,The Albemarle,"4501 Connecticut Ave NW, Washington, DC",Washington DC,Washington DC,Mar-26,B,234,1966.0,260910.0,1115.0,69800000.0,,298291.0,268.0,WC Smith,AvalonBay,,38.947972,-77.06564
244,The Premier,"8711 Georgia Ave, Silver Spring, MD",Washington DC,Silver Spring,Dec-25,B,160,2014.0,120000.0,750.0,42300000.0,5.5,264375.0,353.0,Brookwynn,Guardian Realty,,38.997737,-77.02985
245,Pallas at Pike & Rose,"11550 Old Georgetown Rd, North Bethesda, MD",Washington DC,North Bethesda,Dec-25,B,319,2015.0,321233.0,1007.0,120000000.0,5.0,376176.0,374.0,Bell,Federal Realty,,39.048624,-77.118896
246,Vy Reston Heights,"11830 Sunrise Valley Dr, Reston, VA",Washington DC,Reston,Dec-25,B,385,2018.0,323785.0,841.0,119000000.0,5.25,309091.0,368.0,Pantzer,Newport Capital,,38.948114,-77.356167
247,Signature,"11850 Freedom Dr, Reston, VA",Washington DC,Reston,Dec-25,A,508,2018.0,492760.0,970.0,225000000.0,4.7,442913.0,457.0,Sterling,BXP,,38.95945,-77.356091
248,Misty Ridge,"1989 Delaware Dr, Woodbridge, VA",Washington DC,Woodbridge,Dec-25,C,409,1989.0,327609.0,801.0,100000000.0,5.35,244499.0,305.0,Bridge Capital,Square,,38.628886,-77.274446
249,Enclave at Potomac Club,"15200 Leicestershire St, Woodbridge, VA",Washington DC,Woodbridge,Nov-25,B,406,2013.0,416150.0,1025.0,147000000.0,5.0,362069.0,353.0,UDR,Mesirow,,38.623933,-77.282479
250,Woods at Addison,"6500 Ronald Rd, Capitol Heights, MD",Washington DC,Prince George's County,Nov-25,C,225,1964.0,206100.0,916.0,24300000.0,7.25,108000.0,118.0,Sage,FCP,,38.873094,-76.894776
251,Holly Spring Meadows,"5521 Marlboro Pike, District Heights, MD",Washington DC,Prince George's County,Nov-25,C,224,1968.0,184128.0,822.0,23100000.0,7.25,103125.0,125.0,Sage,FCP,,38.862167,-76.912491
252,Southpoint Reserve,"5300 Steeplechase Dr, Fredericksburg, VA",Washington DC,Fredericksburg,Oct-25,C,156,1985.0,115752.0,742.0,36000000.0,5.75,230769.0,311.0,Covenant,Blackfin,,38.244683,-77.515746
253,Park Place at Van Dorn,"6001 Archstone Way, Alexandria, VA",Washington DC,Alexandria,Oct-25,B,285,2003.0,306090.0,1074.0,114000000.0,5.25,400000.0,372.0,PacificUrban,CIM,,38.793473,-77.138673
254,New Quin,"811 Quincy St NW, Washington, DC",Washington DC,Washington DC,Sep-25,C,107,1928.0,74900.0,700.0,21300000.0,5.75,199065.0,284.0,Capitol Rock,UIP,,38.93769,-77.023843
255,The Clarendon,"1200 N Herndon St, Arlington, VA",Washington DC,Arlington,Aug-25,B,292,2005.0,254332.0,871.0,150900000.0,4.9,516781.0,593.0,Peterson,EQR,,38.887692,-77.096167
256,Ascend Rippon,"2500 Vantage Dr, Woodbridge, VA",Washington DC,Woodbridge,Aug-25,B,236,2025.0,222548.0,943.0,83250000.0,5.0,352754.0,374.0,Southern Mgmt,DR Horton,,38.616291,-77.285245
257,Malvern Lakes,"75 Malvern Lakes Cir, Fredericksburg, VA",Washington DC,Fredericksburg,Aug-25,C,150,2000.0,160800.0,1072.0,34300000.0,5.75,228667.0,213.0,Fulton Peak,PrideRock,,38.362677,-77.531454
258,Jefferson Place,"5835 White Lake Ln, Frederick, MD",Washington DC,Frederick,Aug-25,B,236,2017.0,198948.0,843.0,70750000.0,5.0,299788.0,356.0,Eaton Vance,Bluerock,,39.392786,-77.453479
259,Ashton at Dulles Corner,"13958 Mansarde Ave, Herndon, VA",Washington DC,Herndon,Aug-25,B,454,2009.0,460810.0,1015.0,147000000.0,4.8,323789.0,319.0,Bozzuto,Greystar,,38.953665,-77.427015
260,AVA H Street,"318 I St NE, Washington, DC",Washington DC,Washington DC,Aug-25,B,138,2013.0,99084.0,718.0,36000000.0,5.75,260870.0,363.0,Foulger Pratt/PCCP,AvalonBay,Part of 4-property AvalonBay NoMa portfolio sale; Foulger Pratt/PCCP / AvalonBay; $446.2M total,38.901387,-77.001721
261,Avalon First and M,"1160 1st St NE, Washington, DC",Washington DC,Washington DC,Aug-25,B,469,2012.0,439922.0,938.0,181750000.0,5.75,387527.0,413.0,Foulger Pratt/PCCP,AvalonBay,Part of 4-property AvalonBay NoMa portfolio sale; Foulger Pratt/PCCP / AvalonBay; $446.2M total,38.905176,-77.005959
262,AVA NoMa,"55 M St NE, Washington, DC",Washington DC,Washington DC,Aug-25,B,438,2018.0,367044.0,838.0,142480000.0,5.75,325297.0,388.0,Foulger Pratt/PCCP,AvalonBay,Part of 4-property AvalonBay NoMa portfolio sale; Foulger Pratt/PCCP / AvalonBay; $446.2M total,38.905585,-77.007257
263,Avalon Gallery Place,"770 5th St NW, Washington, DC",Washington DC,Washington DC,Aug-25,B,203,2003.0,184121.0,907.0,86000000.0,5.75,423645.0,467.0,Foulger Pratt/PCCP,AvalonBay,Part of 4-property AvalonBay NoMa portfolio sale; Foulger Pratt/PCCP / AvalonBay; $446.2M total,38.899051,-77.019002
264,The Batley,"1270 4th St NE, Washington, DC",Washington DC,Washington DC,Jul-25,A,432,2019.0,300240.0,695.0,155000000.0,5.25,358796.0,516.0,Peterson,JBG Smith,,38.908416,-76.999691
265,Plaza Towers,"6700 Belcrest Rd, Hyattsville, MD",Washington DC,Prince George's County,Jul-25,C,288,1964.0,238176.0,827.0,56900000.0,5.5,197569.0,239.0,Horning,Jair Lynch,,38.97182,-76.953913
266,WestEnd25,"1255 25th St NW, Washington, DC",Washington DC,Washington DC,Jun-25,B,283,2009.0,273378.0,966.0,186000000.0,4.9,657244.0,680.0,JRK,JBG Smith,,38.906266,-77.053222
267,Chase Heritage,"1212 Chase Heritage Cir, Sterling, VA",Washington DC,Loudoun County,Jun-25,C,236,1986.0,234584.0,994.0,71980000.0,5.5,305000.0,307.0,TruAmerica,McDowell,,38.995119,-77.416217
268,Hideaway Townhomes,"5600 Salem Run Blvd, Fredericksburg, VA",Washington DC,Fredericksburg,Apr-25,C,200,1999.0,210000.0,1050.0,47000000.0,5.75,235000.0,224.0,Linden,JRK,,38.275134,-77.532374
269,Fenwick,"8616 2nd Ave, Silver Spring, MD",Washington DC,Silver Spring,Apr-25,B,311,2014.0,247556.0,796.0,90190000.0,5.25,290000.0,364.0,29th Street,Fairfield,,38.997125,-77.033689
270,Central,"8455 Fenton St, Silver Spring, MD",Washington DC,Silver Spring,Mar-25,B,243,2017.0,214905.0,885.0,71350000.0,5.25,293621.0,332.0,Galium Capital,Grosvenor,,38.995904,-77.024559
271,8001 Woodmont,"8001 Woodmont Ave, Bethesda, MD",Washington DC,Bethesda,Feb-25,A,322,2022.0,344540.0,1070.0,177000000.0,4.75,549689.0,514.0,Peterson,JBG Smith,,38.98993,-77.096354
272,Adaire,"1521 Boyd Pointe Way, Vienna, VA",Washington DC,Tysons,Feb-25,B,400,2016.0,315600.0,789.0,124000000.0,5.0,310000.0,393.0,Carmel,Greystar,,38.93067,-77.241309
273,Latitude,"3601 Fairfax Dr, Arlington, VA",Washington DC,Arlington,Jan-25,A,265,2017.0,216735.0,819.0,112250000.0,4.9,423585.0,517.0,Carmel,Greystar,,38.88346,-77.103449
274,Brentford at the Mile,"7970 Maitland St, McLean, VA",Washington DC,McLean,Jan-25,B,411,2022.0,407352.0,992.0,167250000.0,5.0,406934.0,410.0,Sentinel,Kettler,,38.928073057067984,-77.2206617415853
275,Century Tower,"182 W Lake St, Chicago, IL",Chicago,Downtown Chicago,2026-03-20,,293,1930.0,174628.0,596.0,64650000.0,5.85,220648.0,370.21,Golub/EOS,Golub/Affinius,,41.885788440979,-87.633635928336
276,220 WIL,"220 W Illinois St, Chicago, IL",Chicago,Downtown Chicago,2026-03-10,,188,2014.0,167508.0,891.0,77250000.0,5.4,410904.0,461.17,AmTrust RE,Cortland,,41.890836330295,-87.634701677072
277,Flair Tower,"222 W Erie St, Chicago, IL",Chicago,Downtown Chicago,2026-03-05,,198,2010.0,173646.0,877.0,85000000.0,5.6,429293.0,489.5,Waterton,GID Investment,,41.894037846615,-87.634958288247
278,Avra,"1125 W Van Buren St, Chicago, IL",Chicago,Downtown Chicago,2026-03-04,,198,2021.0,120186.0,607.0,66000000.0,5.65,333333.0,549.15,Cedar Street,Tandem Partners,,41.87647585244,-87.656333492535
279,73 E Lake,"73 E Lake St, Chicago, IL",Chicago,Downtown Chicago,2026-01-29,,332,2014.0,298468.0,899.0,126000000.0,5.5,379518.0,422.16,Intercontinental / Magellan,UBS / RMK,,41.885670901786,-87.625677493946
280,1900 W Lawrence Ave,"1900 W Lawrence Ave, Chicago, IL",Chicago,Downtown Chicago,2025-12-01,,59,2021.0,81066.0,1374.0,28450000.0,5.5,482203.0,350.95,Bender / Walker & Dunlop,CA Residential (recievership),,41.96884942914,-87.676280288623
281,420 E Ohio,"420 E Ohio St, Chicago, IL",Chicago,Downtown Chicago,2025-12-01,,263,1991.0,259055.0,985.0,89000000.0,5.8,338403.0,343.56,FPA,Green Cities,,41.892706610881,-87.617282360105
282,The Wave,"420 W Belmont Ave, Chicago, IL",Chicago,Downtown Chicago,2025-12-01,,207,1967.0,150282.0,726.0,56750000.0,6.5,274155.0,377.62,Laramar,SPNA,,41.940165353229,-87.640424187816
283,Milieu,"205 S Peoria St, Chicago, IL",Chicago,Downtown Chicago,2025-12-09,,275,2019.0,222475.0,809.0,134000000.0,5.25,487273.0,602.32,AMLI,Pacific Life,,41.879076280791,-87.649536590235
284,AM 1980,"1980 N Milwaukee Ave, Chicago, IL",Chicago,Downtown Chicago,2025-12-05,,132,2018.0,85668.0,649.0,34600000.0,6.0,262121.0,403.88,Cedar,Clayco,,41.917284292015,-87.688273315636
285,North Water,"340 E North Water St, Chicago, IL",Chicago,Downtown Chicago,2025-11-19,,398,2015.0,361782.0,909.0,174750000.0,5.6,439070.0,483.03,FPA,Crescent Heights,,41.889592267852,-87.619388423797
286,One East Delaware,"1 E Delaware Pl, Chicago, IL",Chicago,Downtown Chicago,2025-11-01,,304,1989.0,233472.0,768.0,130150000.0,6.0,428125.0,557.45,Friedkin Property Group,Golub / Alcion,,41.899083847,-87.628187771486
287,Left Bank,"300 N Canal St, Chicago, IL",Chicago,Downtown Chicago,2025-11-01,,451,2006.0,343662.0,762.0,151000000.0,5.5,334812.0,439.39,Hines,PGIM,,41.886870728538,-87.6399777744
288,The Porter,"2411 N Lincoln Ave, Chicago, IL",Chicago,Downtown Chicago,2025-10-31,,36,2024.0,39312.0,1092.0,28000000.0,,777778.0,712.25,Highgate Capital,Wildwood Investments,,41.925740526034,-87.649062997758
289,Monroe Aberdeen Place,"1050 W Monroe St, Chicago, IL",Chicago,Downtown Chicago,2025-10-22,,120,2018.0,133920.0,1116.0,63000000.0,6.0,525000.0,470.43,LRE Management,Origin,,41.880446533741,-87.653350395375
290,Low-Line Commons,"3431 N Ashland Ave, Chicago, IL",Chicago,Downtown Chicago,2025-10-16,,95,2022.0,85975.0,905.0,40000000.0,6.0,421053.0,465.25,Highland Partners,Wildwood Investments,,41.944037965449,-87.668706280938
291,Webster Square Apartments,"558 W Webster Ave, Chicago, IL",Chicago,Downtown Chicago,2025-10-22,,75,2014.0,57600.0,768.0,35750000.0,,476667.0,620.66,Beal Properties,Sandz Development,,41.921959584098,-87.642801497996
292,Avondale Townhomes,"4200 W Belmont Ave, Chicago, IL",Chicago,Downtown Chicago,2025-08-28,,52,2022.0,151892.0,2921.0,33870000.0,4.2,651346.0,222.99,Acacia Asset Management,Noah Properties,,41.939086437345,-87.732116239181
293,The Mason,"180 N Ada St, Chicago, IL",Chicago,Downtown Chicago,2025-08-11,,263,2019.0,218553.0,831.0,89500000.0,5.25,340304.0,409.51,Waterton,Marquette/DWS,,41.885289504979,-87.660840169049
294,Congressman Apartments,"1401 S Blue Island Ave, Chicago, IL",Chicago,Downtown Chicago,2025-07-23,,195,1981.0,124605.0,639.0,34000000.0,,174359.0,272.86,L+M Development,SK Management,,41.863340866315,-87.656394290212
295,1100 N Dearborn Street,"1100 N Dearborn Pkwy, Chicago, IL",Chicago,Downtown Chicago,2025-07-02,,247,1937.0,140543.0,569.0,43000000.0,5.7,174089.0,305.96,CRM Properties Group,Berger Realty Group,,41.901923895297,-87.630004246501
296,Millie on Michigan,"88 E Wacker Pl, Chicago, IL",Chicago,Downtown Chicago,2025-07-01,,289,2022.0,216461.0,749.0,122000000.0,5.25,422145.0,563.61,Cedar Street/Kayne Anderson,Sterling Bay/Magellan,,41.886877440339,-87.625489054965
297,The Archer,"1211 N La Salle Dr, Chicago, IL",Chicago,Downtown Chicago,2025-05-12,,68,1929.0,63376.0,932.0,21000000.0,,308824.0,331.36,Strategic Properties,Redwood Trust,,41.904122085071,-87.632776176557
298,The Scott Residences,"211 W Scott St, Chicago, IL",Chicago,Downtown Chicago,2025-05-01,,71,2014.0,60776.0,856.0,32492825.0,5.4,457645.0,534.63,Exposition Residential,JDL,,41.904879846386,-87.634987261917
299,Noca Blu Apartments,"2340 N California Ave, Chicago, IL",Chicago,Downtown Chicago,2025-04-04,,138,2018.0,92736.0,672.0,39400000.0,5.75,285507.0,424.86,Morgan Properties,Trilogy RE Group,,41.923952088824,-87.697468552911
300,Fulbrix,"160 N Elizabeth St, Chicago, IL",Chicago,Downtown Chicago,2025-04-01,,375,2023.0,298500.0,796.0,170000000.0,5.5,453333.0,569.51,Normandy,Ares/Moceri+Roszak,,41.884384442626,-87.658910200226
301,5550 S Dorchester,"5550 S Dorchester Ave, Chicago, IL",Chicago,Downtown Chicago,2025-03-11,,154,1949.0,101486.0,659.0,20500000.0,,133117.0,202.0,Antheus Capital,Laramar Group,,41.79389266082,-87.59173089075
302,Drexel Towers,"4917 S Drexel Blvd, Chicago, IL",Chicago,Downtown Chicago,2025-03-01,,136,1970.0,107168.0,788.0,31000000.0,5.38,227941.0,289.27,Lincoln Avenue Capital,TLC Management,,41.805593710773,-87.603736438934
303,Elevate,"930 W Altgeld St, Chicago, IL",Chicago,Downtown Chicago,2025-02-25,,191,2018.0,174956.0,916.0,113700000.0,5.2,595288.0,649.88,Tishman Speyer,USAA/Baker,,41.927261122753,-87.652846585058
304,Catalyst,"123 N Desplaines St, Chicago, IL",Chicago,Downtown Chicago,2025-02-25,,223,2014.0,203822.0,914.0,94000000.0,5.75,421525.0,461.19,Green Cities,DWS,,41.884027042158,-87.644116657808
305,Cobbler Square,"1350 N Wells St, Chicago, IL",Chicago,Downtown Chicago,2025-02-25,,292,1985.0,230972.0,791.0,88250000.0,5.1,302226.0,382.08,Centaur Capital Partners/JDL,Equity Commonwealth,,41.907185539168,-87.634668841623
306,Panorama,"918 W School St, Chicago, IL",Chicago,Downtown Chicago,2024-12-25,,140,2021.0,95900.0,685.0,40400000.0,6.0,288571.0,421.27,Randolph Street Realty Capital,Blitzlake Partners,,41.941807489551,-87.653481292492
307,Arkadia,"765 W Adams St, Chicago, IL",Chicago,Downtown Chicago,2024-12-24,,350,2015.0,263900.0,754.0,113250000.0,5.75,323571.0,429.14,LGIM,PGIM,,41.879164603842,-87.646872189254
308,Chestnut Place,"8 W Chestnut St, Chicago, IL",Chicago,Downtown Chicago,2024-10-01,,280,1982.0,215040.0,768.0,85200000.0,6.0,304286.0,396.21,Golub,CIM,,41.898064438584,-87.628403841888
309,The Parker,"730 W Couch Pl, Chicago, IL",Chicago,Downtown Chicago,2024-09-01,,227,2016.0,188637.0,831.0,93300000.0,5.65,411013.0,494.6,JDL,JP Morgan/Atlantic,,41.885165350926,-87.646848674551
310,Parkline,"60 E Randolph St, Chicago, IL",Chicago,Downtown Chicago,2024-09-01,,213,2021.0,203628.0,956.0,88000000.0,5.68,413146.0,432.16,AmTrust RE,Ares/Moceri+Roszak,,41.88455544075,-87.625718202928
311,180 N Jefferson,"180 N Jefferson St, Chicago, IL",Chicago,Downtown Chicago,2024-09-01,,274,2004.0,209884.0,766.0,76257000.0,5.75,278310.0,363.33,Exposition Residential,LaSalle Investment Management,,41.885469947001,-87.642841452369
312,Marlowe,"169 W Huron St, Chicago, IL",Chicago,Downtown Chicago,2024-09-01,,176,2018.0,130768.0,743.0,67000000.0,6.0,380682.0,512.36,Virtu,Lennar,,41.894736848063,-87.633895360213
313,The Oliver on LaSalle,"1140 N La Salle Dr, Chicago, IL",Chicago,Downtown Chicago,2024-09-01,,249,1928.0,81423.0,327.0,31500000.0,6.0,126506.0,386.87,Private Investor,Harrison Street,,41.903188776078,-87.633062228601
314,The Jax,"1220 W Jackson Blvd, Chicago, IL",Chicago,Downtown Chicago,2024-07-31,,166,2020.0,96944.0,584.0,42500000.0,5.4,256024.0,438.4,LG Development Group,MZ Capital,,41.87784039915,-87.657563102389
315,Linkt,"830 N Milwaukee Ave, Chicago, IL",Chicago,Downtown Chicago,2024-06-01,,47,2017.0,36237.0,771.0,14200000.0,,302128.0,391.87,DMG Capital,Akara Partners,,41.897183413766,-87.656986930246
316,Paragon,"1326 S Michigan Ave, Chicago, IL",Chicago,Downtown Chicago,2024-03-01,,500,2019.0,380500.0,761.0,144000000.0,6.3,288000.0,378.45,FPA,CIM /. Murphy,,41.865036185307,-87.624103726397
317,850 Lake Shore Drive,"850 N Lake Shore Dr, Chicago, IL",Chicago,Downtown Chicago,2024-03-01,,198,1927.0,250272.0,1264.0,78250000.0,5.27,395202.0,312.66,Crescent Heights,J.P. Morgan Asset Management,,41.89828192746,-87.61813725435
318,Aberdeen West Loop,"20 N Aberdeen St, Chicago, IL",Chicago,Downtown Chicago,2024-02-15,,81,2006.0,87561.0,1081.0,34500000.0,6.25,425926.0,394.01,JAB,Waterton,,41.882123978959,-87.654448116156
319,Lincoln Park Plaza,"600 W Diversey Pkwy, Chicago, IL",Chicago,Downtown Chicago,2023-03-01,,256,1981.0,236800.0,925.0,119000000.0,4.4,464844.0,502.53,,,,41.93287504208,-87.644206084203
320,Park Towers Apartments,"3905 Tower Dr, Richton Park, IL",Chicago,Chicago Suburbs,2026-04-07,,270,1974.0,248400.0,920.0,30400000.0,,112593.0,122.38,Eastham Capital,Morgan Properties,,41.485765514164,-87.711103801874
321,Forest Pointe,"29533 N Waukegan Rd, Lake Bluff, IL",Chicago,Chicago Suburbs,2026-04-01,,236,1989.0,200364.0,849.0,43700000.0,,185169.0,218.1,Marquette,Katz & Katz Real Estate,,42.291741372253,-87.887537873203
322,The Fynn,"183 N Addison Ave, Elmhurst, IL",Chicago,Chicago Suburbs,2026-04-01,,212,2021.0,174476.0,823.0,84500000.0,5.25,398585.0,484.31,OhioSTRS,Quarterra,,41.90318232983,-87.94148815242
323,Martin's Point,"2101 S Finley Rd, Lombard, IL",Chicago,Chicago Suburbs,2026-03-30,,256,,201984.0,789.0,61300000.0,,239453.0,303.49,Standard RE,Blackstone,,41.846463251642,-88.026259163816
324,Reserve at Romeoville,"700 S Weber Rd, Romeoville, IL",Chicago,Chicago Suburbs,2026-03-17,,292,2016.0,287912.0,986.0,76000000.0,,260274.0,263.97,Solomon Organization,Continental Properties,,41.599106944348,-88.122927713699
325,Orland Ridge Towns and Villas,"16966 Pond Willow Dr, Tinley Park, IL",Chicago,Chicago Suburbs,2026-03-11,,294,2021.0,427476.0,1454.0,102000000.0,,346939.0,238.61,RPM/Two Sigma,S.R. Jacobson/Lormax Stern,,41.58177391601525,-87.84930252527228
326,Aspen Ridge Apartments,"1440 S Neltnor Blvd, West Chicago, IL",Chicago,Chicago Suburbs,2026-03-11,,253,1967.0,204930.0,810.0,44500000.0,,175889.0,217.15,Bayshore,Zinger Property Group/M Group,,41.861836409935,-88.194897412014
327,Flats at Gladstone,"148 Gladstone Dr, Glendale Heights, IL",Chicago,Chicago Suburbs,2026-03-24,,168,1977.0,161952.0,964.0,24100000.0,5.25,143452.0,148.81,Bender / Eastham,Morgan Properties,,41.93444941171,-88.083261372941
328,Quincy Station,"1 W Quincy St, Westmont, IL",Chicago,Chicago Suburbs,2026-02-18,,94,2022.0,85352.0,908.0,37000000.0,5.25,393617.0,433.5,Banner Real Estate,Holladay,,41.795160884161,-87.975386008991
329,Fifty9 Grove,"30W041 Flamenco Ct, Naperville, IL",Chicago,Chicago Suburbs,2026-02-05,,224,1973.0,171360.0,765.0,43000000.0,5.75,191964.0,250.93,Solomon Organization,Orion,,41.786993459937,-88.20630027038
330,ReNew Lake Arlington,"850 Corey Ln, Wheeling, IL",Chicago,Chicago Suburbs,2026-01-30,,378,1972.0,304668.0,806.0,51000000.0,6.0,134921.0,167.4,FPA Multifamily,VIP Apartments,,42.122967826984,-87.952033180695
331,The Eclipse @ 1450,"1450 Busse Rd, Mount Prospect, IL",Chicago,Chicago Suburbs,2026-01-15,,222,1965.0,176268.0,794.0,40045500.0,6.0,180385.0,227.19,Palatine Capital Partners,Ameritus,,42.041073658076,-87.960833622002
332,Arrowhead Apartments,"1950 N Cambridge Ct, Palatine, IL",Chicago,Chicago Suburbs,2026-01-01,,200,1978.0,225400.0,1127.0,31400000.0,6.0,157000.0,139.31,Artisan / Eastham Capital,Hispanic Housing Development,,42.147131575927,-88.012438656914
333,Fox Pointe,"2074 Fox Pointe Cir, Aurora, IL",Chicago,Chicago Suburbs,2026-01-01,,248,2000.0,242048.0,976.0,40100000.0,6.0,161694.0,165.67,Palatine Capital Partners,Ameritus,,41.735091751014,-88.269377995115
334,Woodlands of Crest Hill,"1615 Arbor Ln, Crest Hill, IL",Chicago,Chicago Suburbs,2026-01-01,,730,1972.0,473770.0,649.0,110000000.0,7.0,150685.0,232.18,Bayshore Properties,Osso Capital,,41.552249037531,-88.113050001363
335,Ovaltine Court,"1 Ovaltine Ct, Villa Park, IL",Chicago,Chicago Suburbs,2025-12-22,,344,2001.0,320952.0,933.0,93700000.0,5.7,272384.0,291.94,S2 Capital,Osso Capital,,41.8868669,-87.9678528
336,The Element,"1550 W Dempster St, Mount Prospect, IL",Chicago,Chicago Suburbs,2025-12-09,,509,1962.0,503910.0,990.0,75250000.0,6.5,147839.0,149.33,Bender / Eastham,Monument,,42.037116891647,-87.95828868481
337,Eleven33,"1133 South Blvd, Oak Park, IL",Chicago,Chicago Suburbs,2025-11-21,,263,2019.0,220920.0,840.0,88500000.0,5.8,336502.0,400.6,Draper & Kramer,Willow Bridge,,41.88665485894,-87.804192660109
338,Brittany Square,"710 S Eola Rd, Aurora, IL",Chicago,Chicago Suburbs,2025-11-01,,83,1976.0,66815.0,805.0,11786000.0,,142000.0,176.4,Undisclosed,Alliven,,41.7429422,-88.2485963
339,Fox Valley Villages,"909 E Golf Rd, Arlington Heights, IL",Chicago,Chicago Suburbs,2025-10-01,,420,1985.0,407400.0,970.0,93200000.0,5.5,221905.0,228.77,Vistria Group/Standard RE,Bridge/Apollo,,42.0512827,-87.9819233
340,Avery at Arlington Lakes,"1847 Clubhouse Dr, Aurora, IL",Chicago,Chicago Suburbs,2025-10-01,,198,1985.0,231264.0,1168.0,46200000.0,6.0,233333.0,199.77,LEM / Marquette,Orion,,41.722478884411,-88.277608098681
341,Summerfield Apartments,"201 Flame Dr, Carol Stream, IL",Chicago,Chicago Suburbs,2025-10-01,,368,1999.0,414736.0,1127.0,88000000.0,5.5,239130.0,212.18,DRA Advisors,Cantor Fitzgerald,,41.898867355262,-88.094356644359
342,Renaissance at Carol Stream,"8712 S 87th Ter, Justice, IL",Chicago,Chicago Suburbs,2025-10-14,,293,1970.0,258426.0,882.0,54000000.0,6.21,184300.0,208.96,Highlands Vista Group,Bender Companies,,41.735635753375,-87.836313283087
343,The Oaks & Laurels,"8712 S 87th Ter, Justice, IL",Chicago,Chicago Suburbs,2025-10-08,,760,1987.0,703760.0,926.0,81500000.0,6.5,107237.0,115.81,Turner Impact Capital,Waterton,,41.735635753375,-87.836313283087
344,Central Park,"11 Fir St, Park Forest, IL",Chicago,Chicago Suburbs,2025-09-04,,220,1946.0,266420.0,1211.0,23200000.0,6.25,105455.0,87.08,GoldOller Real Estate,Bender Companies,,41.486751576412,-87.67462733212
345,7251 at Waters Edge,"7251 S South Shore Dr, Chicago, IL",Chicago,Chicago Suburbs,2025-08-28,,239,1969.0,176860.0,740.0,26500000.0,6.0,110879.0,149.84,New City Property Management,Sandalwood Management,,41.764814132645,-87.561259534818
346,Lincoln Station Rowhomes,"208 N Prairie Rd, New Lenox, IL",Chicago,Chicago Suburbs,2025-08-27,,220,2024.0,203280.0,924.0,65300000.0,5.78,296818.0,321.23,JSB Capital,The Gammonley Group,,41.512841261088,-87.962643868869
347,Fifteen 98 Naperville,"1598 Fairway Dr, Naperville, IL",Chicago,Chicago Suburbs,2025-08-15,,640,1984.0,570880.0,892.0,136000000.0,5.6,212500.0,238.23,Solomon Organization,FPA Multifamily,,41.795479254272,-88.21555119094
348,Mil'Ton,"1155 Museum Blvd, Vernon Hills, IL",Chicago,Chicago Suburbs,2025-08-01,,294,2004.0,328692.0,1118.0,100000000.0,5.4,340136.0,304.24,TLC,Mesirow Financial,,42.247046818841,-87.949655846185
349,Uptown La Grange,"31 E Ogden Ave, La Grange, IL",Chicago,Chicago Suburbs,2025-07-01,,254,2017.0,244348.0,962.0,87800000.0,5.5,345669.0,359.32,Nuveen,JVM,,41.8184643,-87.8682981
350,Hawthorn at Oakhurst,"245 N Oakhurst Dr, Aurora, IL",Chicago,Chicago Suburbs,2025-07-18,,320,1991.0,283520.0,886.0,72250000.0,5.56,225781.0,254.83,Bridge Investment Group,EQT Real Estate,,41.757958800912,-88.23815006181
351,Emblem Oswego,"2000 Emblem Cir, Oswego, IL",Chicago,Chicago Suburbs,2025-06-18,,312,2024.0,285480.0,915.0,84000000.0,5.5,269231.0,294.24,JP Morgan REIT,Quarterra,,41.6947743,-88.2668611
352,Westlyn,"28262 Diehl Rd, Warrenville, IL",Chicago,Chicago Suburbs,2025-06-01,,242,2021.0,206910.0,855.0,59250000.0,5.25,244835.0,286.36,RPM,Laramar / Covington,,41.801292740051,-88.162967498016
353,Valley Lo Towers,"1910 Chestnut Ave, Glenview, IL",Chicago,Chicago Suburbs,2025-06-10,,112,1985.0,131712.0,1176.0,45500000.0,6.2,406250.0,345.45,Hartland Realty Investors,"Marquette Cos, LEM Capital",,42.087379416159,-87.805316472446
354,Lakeland Lofts,"280 Stonington Dr, Bloomingdale, IL",Chicago,Chicago Suburbs,2025-06-01,,90,2022.0,115380.0,1282.0,28350000.0,5.5,315000.0,245.71,Red Rock,NOAH Properties,,41.941917284231,-88.114019107834
355,Authentix,"3415 Blake Rd, McHenry, IL",Chicago,Chicago Suburbs,2025-05-07,,288,2022.0,259200.0,900.0,55300000.0,5.7,192014.0,213.35,Solomon Organization,Continental Properties,,42.358747766443,-88.26435811313
356,North Oak Lofts,"6533 W Palmer St, Chicago, IL",Chicago,Chicago Suburbs,2025-05-01,,237,2018.0,305493.0,1289.0,70000000.0,6.1,295359.0,229.14,FPA,NOAH Properties,,41.920308499639,-87.788460851386
357,Maple Street Lofts,"207 S Maple St, Mount Prospect, IL",Chicago,Chicago Suburbs,2025-04-01,,192,2021.0,148416.0,773.0,60050000.0,5.3,312760.0,404.61,TLC,Wingspan,,42.061594697215,-87.933867399544
358,Huntington,"6S511 Naper Blvd, Naperville, IL",Chicago,Chicago Suburbs,2025-02-01,,313,1970.0,273875.0,875.0,68000000.0,6.16,217252.0,248.29,FPA,Rockwell Partners,,41.775020462258,-88.109284322922
359,ReNew Downers Grove,"2845 Easton Street, Downers Grove, IL",Chicago,Chicago Suburbs,2025-02-01,,294,2009.0,292236.0,994.0,72000000.0,5.4,244898.0,246.38,Laramar Group,FPA,,41.835938799478,-88.031652271892
360,Haven Hoffman Estates,"725 W Bode Cir, Hoffman Estates, IL",Chicago,Chicago Suburbs,2025-01-01,,550,1970.0,410300.0,746.0,76800000.0,6.3,139636.0,187.18,Eastham / Bender,Tricap,,42.039729275782,-88.10166348918
361,Midpointe Apartments,"4050 W 115th St, Chicago, IL",Chicago,Chicago Suburbs,2024-12-24,,423,1973.0,316404.0,748.0,57000000.0,6.3,134752.0,180.15,Turner Impact Capital,Bridge Investment Group,,41.684006515634,-87.721077248181
362,Apex 41,"2760 S Highland Ave, Lombard, IL",Chicago,Chicago Suburbs,2024-12-31,,181,2017.0,170321.0,941.0,46000000.0,5.85,254144.0,270.08,Santeford,GlenStar Properties,,41.838173207033,-88.011259060602
363,E2,"1890 Maple Ave, Evanston, IL",Chicago,Chicago Suburbs,2024-12-31,,352,2015.0,281248.0,799.0,148000000.0,6.0,420455.0,526.23,Hines,Northwestern Mutual,,42.051986451575,-87.684810725348
364,Deer Valley Apartments,"30011 N Waukegan Rd, Lake Bluff, IL",Chicago,Chicago Suburbs,2024-12-31,,224,1989.0,200032.0,893.0,38000000.0,5.7,169643.0,189.97,Marquette Companies,Randolph Street RE,,42.298242783321,-87.88943590003
365,Wheaton 121,"121 N Cross St, Wheaton, IL",Chicago,Chicago Suburbs,2024-12-01,,306,2014.0,274176.0,896.0,101200000.0,5.25,330719.0,369.11,Inland,Connor Group,,41.865309176506,-88.105089732301
366,Ascend St. Charles,"100 Lakeside Dr, St. Charles, IL",Chicago,Chicago Suburbs,2024-11-01,,400,2000.0,387600.0,969.0,81050000.0,5.75,202625.0,209.11,Marquette/DRA Advisors,Broadshore,,41.919837879959,-88.278920057429
367,Northgate Crossing,"200 Hudson Ct, Wheeling, IL",Chicago,Chicago Suburbs,2024-11-01,,300,2016.0,285600.0,952.0,78500000.0,5.9,261667.0,274.86,F&F Realty,Azure,,42.14316838387258,-87.92818666887098
368,Covey at Fox Valley,"2160 Walcott Rd, Aurora, IL",Chicago,Chicago Suburbs,2024-11-01,,216,1988.0,204768.0,948.0,40800000.0,6.0,188889.0,199.25,Pensam,Laramar Group,,41.73344940557,-88.263655807912
369,Luna Park,"1800 Wedgewood Dr, Gurnee, IL",Chicago,Chicago Suburbs,2024-10-02,,198,1982.0,170082.0,859.0,31100000.0,6.0,157071.0,182.85,Highlands Vista Group,Laramar Group,,42.384491767913,-87.90963307781
370,Dash Downers Grove,"926 Maple Ave, Downers Grove, IL",Chicago,Chicago Suburbs,2024-10-01,,167,2023.0,144455.0,865.0,65000000.0,5.55,389222.0,449.97,Nuveen,Opus/Principal,,41.792109688384,-88.008094930017
371,Railway Plaza,"507 Railway Dr, Naperville, IL",Chicago,Chicago Suburbs,2024-10-01,,417,2000.0,440769.0,1057.0,109000000.0,5.6,261391.0,247.3,Abacus,Cantor Fitzgerald/BH Equities,,41.780527854349,-88.209313255103
372,Avant at the Arboretum,"450 Warrenville Rd, Lisle, IL",Chicago,Chicago Suburbs,2024-09-01,,310,2013.0,286440.0,924.0,77500000.0,5.6,250000.0,270.56,Waterton,JVM,,41.808190404758,-88.059979044594
373,Residence at the Links,"1245 Fordham Dr, Glendale Heights, IL",Chicago,Chicago Suburbs,2024-08-15,,298,1989.0,246744.0,828.0,26750000.0,,89765.0,108.41,Essence Development,Stonebridge,,41.90431894982,-88.093210426114
374,The Brook on Janes,"401 Janes Ave, Bolingbrook, IL",Chicago,Chicago Suburbs,2024-09-01,,298,2017.0,263730.0,885.0,69000000.0,5.9,231544.0,261.63,JRK,Quarterra,,41.710655221702,-88.039439379672
375,The Landing at Town Center,"1255 Town Center Rd, Vernon Hills, IL",Chicago,Chicago Suburbs,2024-08-01,,85,2010.0,105145.0,1237.0,27800000.0,,327059.0,264.4,Bender,FPA Multifamily,,42.20417481232,-87.936127713961
376,Vantage Oak Park,"150 Forest Ave, Oak Park, IL",Chicago,Chicago Suburbs,2024-07-31,,270,2016.0,240030.0,889.0,78250000.0,6.1,289815.0,326.0,FPA Multifamily,Magnolia/Goldman Sachs,,41.889414178963,-87.800117710976
377,The Emerson,"1135 Westgate St, Oak Park, IL",Chicago,Chicago Suburbs,2024-07-01,,270,2017.0,225450.0,835.0,60250000.0,6.3,223148.0,267.24,FPA Multifamily,Quarterra,,41.887817888466,-87.803436217657
378,Reserve at Hoffman Estates,"875 Pacific Ave, Hoffman Estates, IL",Chicago,Chicago Suburbs,2024-07-01,,642,1985.0,620172.0,966.0,102000000.0,6.9,158879.0,164.47,FPA Multifamily,InterCapital Group,,42.040509553394,-88.142082935271
379,Willow Crossing,"1031 Charlela Ln, Elk Grove Village, IL",Chicago,Chicago Suburbs,2024-06-20,,579,1977.0,486939.0,841.0,89250000.0,7.0,154145.0,183.29,RIG,JP Morgan,,41.996354571941,-88.0286724782
380,Orchard Village,"1240 W Indian Trail, Aurora, IL",Chicago,Chicago Suburbs,2024-05-01,,272,2000.0,233648.0,859.0,48245000.0,6.25,177371.0,206.49,MLG Capital,Sinatra & Company/Stadt Group,,41.78113108128,-88.344892171955
381,Sixteen 30,"14750 Wallin Dr, Plainfield, IL",Chicago,Chicago Suburbs,2024-04-01,,284,2021.0,298200.0,1050.0,78350000.0,5.9,275880.0,262.74,Continental,Wingspan,,41.606515404697,-88.221545269644
382,Light Road Apartments,"1800 Light Road, Oswego, IL",Chicago,Chicago Suburbs,2024-01-01,,168,1972.0,109368.0,651.0,22000000.0,6.9,130952.0,201.16,GB Holdings,Michael Pouliot,,41.7022466,-88.3597693
383,Centrum Evanston (The Scholar Apartments),"1590 Elmwood Ave, Evanston, IL",Chicago,Chicago Suburbs,2023-06-01,,101,2017.0,91405.0,905.0,44445000.0,4.79,440050.0,486.24,,,,42.046734345219,-87.684371014447
384,Stonebridge of Arlington Heights,"650 W Rand Rd, Arlington Heights, IL",Chicago,Chicago Suburbs,2023-01-01,,586,1973.0,629950.0,1075.0,131000000.0,5.5,223549.0,207.95,,,,42.11942922833,-87.99036951642
